Solve Time,Joint 1,Joint 2,Joint 3,Joint 4,Joint 5,Joint 6,Joint 7
0.058112144,0.0,0.0,0.0,0.0,0.0,0.0,0.0
0.116103648,0.1195996768846629,0.0676886164200204,0.13468976062863197,-0.19708953456532455,-0.07666850437814904,-0.11025686101820756,0.056013748163171534
0.170053958,0.11929629160300087,0.06822042093417582,0.13583589794743475,-0.19610853719447938,-0.07776812213333542,-0.10970561757389824,0.056914858307332124
0.221239566,0.1183097905888195,0.06582645911859326,0.13538363808381426,-0.19321273155738478,-0.0778431300058743,-0.10750706438801651,0.056754749888461714
0.279479265,0.12146388571081662,0.06288154043796398,0.13779669483015253,-0.19343458986942044,-0.07738181178304507,-0.10681733804441157,0.05616068395732078
0.335504531,0.1232602074691641,0.07028477644897013,0.13741683793007003,-0.1998019703097157,-0.07915890439435343,-0.11148757203571882,0.05457391227863897
0.386100768,0.11604664867829965,0.06735393177986382,0.13127524266301918,-0.19696384293893904,-0.0753013877227433,-0.1101977428897345,0.06036720710981315
0.446672438,0.11894716198523811,0.06382701455028272,0.13591359175134066,-0.19021591966574614,-0.07888780982229268,-0.10624094929740743,0.055152324558569464
0.49759864600000003,0.1238880820801137,0.06653846945072607,0.13914253289517897,-0.19616641981221603,-0.07910157160096545,-0.10889510571014617,0.0559807950923373
0.561687467,0.11830330836032217,0.06102422989348889,0.13797316137934545,-0.19050868131566712,-0.07778956778631407,-0.10538419813940314,0.05823149235399287
0.620777366,0.12020886036281225,0.06832466713200501,0.1372112261830862,-0.1977990439253996,-0.07792704621811122,-0.11011631999393269,0.055921906785435335
0.676704643,0.12240562908643027,0.06747216812733753,0.13672491457631233,-0.19589821208760944,-0.07796071585274011,-0.10909336630731072,0.05730285895408634
0.729033707,0.12294146457317559,0.06277642101499985,0.13963919336227493,-0.19351725265111752,-0.07824042797124194,-0.10660279289138973,0.05847716807072199
0.7852842800000001,0.11684960490959957,0.0642298230849414,0.1346077114918017,-0.19134241434017915,-0.07686209334724087,-0.10675826911597518,0.058014595456789914
0.842799901,0.12233758753520714,0.06961528256002694,0.13828978542952877,-0.19812842724842275,-0.08038433995954752,-0.11078865171011217,0.055258168223090216
0.903601407,0.12133945147303676,0.06453935653970375,0.13980120803543652,-0.1927338248887518,-0.07975424849376046,-0.106741058923485,0.05564946164248886
0.962841033,0.12100841685813957,0.06936685023355862,0.13621049656214387,-0.19854972677506375,-0.07693026751036619,-0.11093521617603117,0.06057775903417899
1.019978284,0.12019646046650712,0.06887804896023857,0.1369914546925104,-0.19735530055185635,-0.07931563690931596,-0.10976724377221314,0.053163056308799146
1.077015161,0.11788882364508133,0.06769663715189018,0.13349457686980637,-0.19460789989038754,-0.07603195350615335,-0.10925149229306687,0.05574809239022205
1.127483129,0.11787022121275668,0.060508883684104425,0.13281965011084132,-0.1895948393570408,-0.07430664765571118,-0.10533813033784639,0.06188946877124273
1.179593801,0.0834006849725295,0.07307685077681514,0.07940155629213805,-0.2022169282898887,-0.05845000349364484,-0.1195577814879933,0.06948514058221965
1.231927871,0.09667149340234817,0.056842868086447076,0.10382299286464178,-0.17754040253591236,-0.0681961339003304,-0.10253968682023033,0.06059702747464025
1.28465104,0.09402966429184759,0.06645712589160292,0.09236660680005736,-0.1960120694154069,-0.06344428628624972,-0.11358279764240328,0.06995492042834572
1.336142062,0.10521826781720368,0.0986101523888518,0.10303433198597897,-0.2186209436445662,-0.07295785348650817,-0.12910382417366756,0.057279844387348386
1.396215437,0.08758303660854222,0.0809455469237351,0.07972785241917536,-0.20409954696802765,-0.06207754182446207,-0.12112262577897343,0.06573664587458244
1.455985544,0.07249358930543569,0.054295202914966575,0.06139808202453529,-0.18186109676727974,-0.049817656068672826,-0.10747062890550939,0.06968628659991137
1.5128033140000001,0.03732003226120515,-0.015305156095637651,0.04057210293876984,-0.10453756372558923,-0.03853432951630897,-0.052051816048391195,0.08151107344854552
1.5740785570000002,0.029379097643524043,-0.12871781106194494,0.07681114966912354,0.0035040955217223316,-0.03792506868480773,0.02255613201063951,0.0815807624320585
1.6357922530000002,0.0337361499250004,-0.2523613589872469,0.10986075934881387,0.14823833031372416,-0.040929366419886454,0.11406285558939888,0.07883972750066372
1.7003362160000002,0.03131304938018696,-0.3040316747517633,0.11213599829282171,0.23359221776565683,-0.04376427129226726,0.13694617171693568,0.07763122393232312
1.7538619020000001,0.016643478131828156,-0.3587558154424302,0.10827672686888397,0.31054847559486676,-0.04210327922233926,0.1744899372352002,0.07345074033596198
1.8091628530000001,0.016125080644533017,-0.3554612190220226,0.11141926940891911,0.3361371815295328,-0.04895068921858287,0.1803378859200327,0.06757833718239123
1.8660042270000001,0.01240263602895104,-0.32340381745156904,0.10374413366280975,0.3324670168593553,-0.05328156317951565,0.16678303194977756,0.06304319626458785
1.9203100190000002,0.019984532957357554,-0.2981071846167414,0.10955630976785459,0.3252701115437872,-0.05996836290190938,0.15868673430566108,0.05740457927989615
1.9727473250000003,0.0060549129838097125,-0.37724730761480607,0.11144921584528564,0.4271983639080675,-0.05940665239018953,0.22841699960934206,0.05768417316368946
2.0250599370000004,0.023769799976538598,-0.40410129188947486,0.14825649263361163,0.4584338811479384,-0.06775944279964898,0.2703854730566199,0.054172170151347274
2.0836291300000003,0.027085206929454642,-0.3702686849252148,0.14409013726274686,0.41274341497144634,-0.06726862081820323,0.2367047667940151,0.052716242150675025
2.140665053,0.02706128501715826,-0.39658804847110196,0.14818337601932946,0.44126799528253585,-0.06673353248000242,0.26805912534300075,0.052200180607528714
2.1984670150000003,0.02259570789701553,-0.37648443929776504,0.1317156537518767,0.40274486047685226,-0.05973491187646401,0.2580944877979465,0.05884996831289223
2.2534210660000005,0.03435400559493422,-0.38646813513287226,0.14704246385604372,0.3915850673846363,-0.06022287216084275,0.3004901628990274,0.05958034784251485
2.3083765480000005,0.03648204128618513,-0.4407071522976008,0.16195291000911982,0.44503298511414874,-0.05968187442902696,0.38991478672731267,0.06179653011129527
2.3639743300000005,0.044809232651203415,-0.48907307162326313,0.18046994482010162,0.4895540586333314,-0.06175116791606723,0.4742205255289798,0.06249765681605691
2.4181711640000003,0.04980731211026381,-0.5009366960896144,0.1836510229928005,0.487712621927122,-0.05885104600536687,0.4860568130907179,0.06421153574206331
2.475368973,0.05440937198524024,-0.5471090627252466,0.20109378560624128,0.5278810334461742,-0.059289649299861434,0.5600227047714614,0.061854693991087596
2.532305237,0.04894285122371746,-0.6062947820278859,0.20879001962014734,0.5907750056540263,-0.05430665591579451,0.6254694252605318,0.060179086886916144
2.589462992,0.04840961910798907,-0.6686825503999502,0.22028429756963702,0.6587611377909539,-0.05218822699564308,0.7052898068940366,0.06173146331894833
2.645848032,0.05105781106719717,-0.7184943997649967,0.23019662550320763,0.7141322684254879,-0.049540249568942075,0.7541636561696986,0.06204157059760947
2.7036235299999998,0.047528202403339055,-0.8194391456507332,0.24758723015910702,0.8292494436364133,-0.04707095647080026,0.8930373525422799,0.056941162422004685
2.7616398309999997,0.04120754125204803,-0.8633675710017795,0.25115079777626537,0.8777245600327123,-0.039653944300103654,0.9263213403910238,0.062046763457357504
2.8209416839999997,0.04140240291453411,-0.9468044138392866,0.26813023338434855,0.9752885794686913,-0.035504557255826706,1.025782893187796,0.05625590864679835
2.882183788,0.029887705504780756,-1.023048968707109,0.26938798188469987,1.0630374693414528,-0.012095327365403332,1.1028158915911634,0.06340701269536238
2.938877581,0.037933844739095675,-1.078207537974518,0.2856269644447922,1.1139311974887802,-0.021060092974475305,1.1498480217534668,0.05755374133718603
2.99366474,0.02677366885743017,-1.1308833798450835,0.28090260376638776,1.1814375159185504,-0.010105201585791212,1.1942334483873778,0.062020590936564965
3.047377824,0.03923129158583674,-1.13366308420719,0.2989166199313832,1.199490442175429,-0.014062537961991814,1.1779798470435316,0.049889078598150685
3.0969507689999998,0.03516042021385875,-1.1809527253529382,0.3020518029714845,1.2457984534178212,-0.004928607265846003,1.2023284378062882,0.055256105243724055
3.1470627779999996,0.04206488919909291,-1.2670299749675886,0.3301168531055868,1.3477859106682777,-0.003709569041702089,1.2511647499568692,0.056824232601660425
3.2032031999999995,0.05652247508397182,-1.2803991352975463,0.359152887378592,1.3510180743139586,-0.013664998321438082,1.1602420652606293,0.04249756240517987
3.2636039249999995,0.07402644992847775,-1.4165518329741045,0.4137630886831129,1.4910554476130937,-0.02029618812655217,1.2423721969425343,0.02443566843703128
3.3228797899999996,0.04844582199926002,-1.4886521248349704,0.38116418406742647,1.5498768382280983,-0.007248156856634217,1.198827164363589,0.04417412851745135
3.3817138659999997,0.05040831452759839,-1.4680058489369985,0.38401043554376774,1.5649561717571854,-0.011960854037020869,1.1554606683202249,0.03457932957047423
3.440639733,0.040110143274158454,-1.4065416077307304,0.33202996520131056,1.5192934598243624,-0.0005208974316592862,1.082580855125983,0.05128934688548861
3.49266672,-0.002214678407400937,-1.4137510415555756,0.28129651049646226,1.5369856046539867,0.010529920142262169,1.0104622521480542,0.06739991390420198
3.542467116,-0.03245342014428566,-1.3545608275799863,0.22592117383817553,1.5259097327374276,0.020614161769912886,0.9683651341826595,0.07610954894302187
3.60836315,-0.021706986407691267,-1.3272902387494827,0.2277855163535428,1.4933262515871657,0.01813316714482693,0.9275894869200852,0.07468096022577032
3.670343398,-0.0003682247275145732,-1.271468608119691,0.23824205816312205,1.4302751999568837,0.010175728771856777,0.8859984470938895,0.06345595995415629
3.733583449,-0.017200210862714733,-1.3569857685798021,0.22624966827450305,1.533798735996657,0.024595723953711388,1.0167656585684945,0.07316972044132233
3.792488574,5.952313794035935e-05,-1.4024145433969073,0.25004818085825264,1.5898510767670189,0.022555717125914684,1.0967443619143482,0.06300847388378829
3.850215195,0.016587112763304296,-1.3918298579610353,0.2593078701263571,1.5598475201981667,0.022085211733343452,1.088795788958076,0.06249435507876735
3.9038476920000003,0.012364424018624452,-1.43542489379085,0.2505727736172149,1.5789922593852443,0.028865448036663407,1.1193227508896166,0.06673118082729494
3.9541962120000003,0.00409124814177678,-1.4780772930920365,0.23551533085058762,1.6286103972763974,0.040937813308531266,1.1893160568937085,0.07652732614896932
4.006695984,0.010336115589219107,-1.3810277041936623,0.22298792151750169,1.511375438996896,0.036405451356314907,1.0564431445118985,0.0743604476267407
4.055761812,0.015160412471945574,-1.3338323418338847,0.21501848279948402,1.4512240595262322,0.03484790951993167,0.9905598580961406,0.07544416526647009
4.107341765,0.011089262268862256,-1.3660197648334682,0.21485948258445298,1.4641443766343332,0.03972465518673151,1.009290964027405,0.08052165269175252
4.157129048,0.028615987073655206,-1.294578793012893,0.2161688690689597,1.4132965100794437,0.032545623509487726,0.964368800282963,0.06867173099294313
4.215086221,0.027072248739208767,-1.2405850797444504,0.2073493033016739,1.3658685819140886,0.028639014741357643,0.8879327910472048,0.06356397803626844
4.271479606,0.02791733194735396,-1.1505009394892545,0.18980861748193845,1.2845962483384314,0.024740545812513996,0.7774137736368012,0.062424935328694836
4.33051443,0.02765441845113696,-1.1915879608376134,0.19782610645285986,1.339412793503887,0.02599813672053745,0.824783956144021,0.05821669683524148
4.383518457,0.021028424820640854,-1.2276833268027207,0.1906357333447271,1.3884829584201244,0.02823700897709161,0.8447862388416107,0.06071930932581225
4.434709072,0.0168074074265673,-1.176397593107729,0.17672654624474107,1.3828797913413995,0.029261232090649132,0.8171653247372083,0.058864748252288206
4.485513687,0.024711630770340207,-1.163346756912685,0.1832787781310189,1.3778806052988792,0.027364427970680758,0.8353542898176353,0.05134976284922827
4.544450522,0.0233460112669599,-1.2224770796924904,0.19676376826493433,1.484831187726462,0.030461701895618136,0.927385839328211,0.04408485350516598
4.597097398,0.02639611013946928,-1.2286114713534135,0.19207227376227407,1.498179669831716,0.031232778861351725,0.9474037421617999,0.04076276216496546
4.655880691,0.028672759289998608,-1.2544090196834379,0.2012746656863942,1.5382494956824952,0.02796594745569849,0.9436475712480861,0.03727920748310811
4.713213207,0.026072372793531078,-1.2306175183275105,0.20123672237939189,1.5164760946267848,0.02359574555657399,0.8827261415415186,0.03636530606776566
4.769393684,0.033421284803612256,-1.2026317670529496,0.2109245571497225,1.48673313309144,0.01695096968868213,0.8384886956980329,0.02918636762784883
4.823112012,0.030603605310556246,-1.1398248884149358,0.19117143473916695,1.3734913435831548,0.019369617085529017,0.7579422505935375,0.03916480734060198
4.879684687,0.03726390292237457,-1.1520450032036025,0.205836805519939,1.3768690631533307,0.01397866737039876,0.749865551310309,0.03205455158277095
4.9350297450000005,0.045418377575182696,-1.1556915804760954,0.21337839038018655,1.3723096886658477,0.009775449331906908,0.751232240346364,0.027562551699172225
4.988940716,0.043116586965268364,-1.082334897409186,0.19656082882219036,1.3045521345206978,0.01138359150743406,0.6979143642635653,0.02881791166150735
5.038597107,0.03926159595523818,-0.9888094003281682,0.17449039044207024,1.2092617994915862,0.013547339003950934,0.6348550426773474,0.030223770493344564
5.0875875950000005,0.035534383282863874,-0.9261880349775282,0.1592651993601696,1.1379568739987236,0.01669603531552858,0.5905153293227647,0.02969646075876022
5.137385607000001,0.04734435221270844,-0.9316326284721327,0.17752801990428319,1.1406109139908462,0.010643393668556024,0.6030280022308804,0.022283001491221987
5.189987898000001,0.04452706524636326,-0.9326282298564796,0.17621721170714108,1.1452273149070535,0.012118400069719131,0.6034736660170269,0.024755125170774817
5.259093761000001,0.04752881146241811,-0.9302427998866801,0.17950564081811546,1.1461885930272357,0.007962316039337974,0.5950359588747419,0.019874724419703414
5.322897910000001,0.04327023623011581,-0.9552105187828427,0.1790930400816521,1.1794389510367478,0.011999020537607725,0.6271701858542358,0.02277893986802029
5.387447832000001,0.05652614216029369,-1.049189067762493,0.20642112762157824,1.3094633192444773,0.01109721908042721,0.7657106601195312,0.008978897982305363
5.4460895040000015,0.04757152897856968,-1.041796418668838,0.1841570113712468,1.2794415644485997,0.0232355134077816,0.7898684290562659,0.021106325009020762
5.500676391000002,0.05064723799775329,-1.093508293303079,0.18996458357674684,1.3391949022308345,0.02866913938191469,0.8829278030623314,0.020974382989705543
5.555528162000002,0.05565364020803072,-1.1578454428100486,0.21167323861074033,1.4322703133809642,0.029799028763820054,0.9719574492734488,0.010422088852440663
5.611970184000001,0.04911122760971695,-1.1973596300774714,0.20425822053704631,1.482596777763408,0.04046030513337286,1.0231425316355138,0.023356365211586474
5.663290499000001,0.029494970122315507,-1.1700343591912246,0.17550474693101675,1.448408439522035,0.05927907315739431,1.0035276975429472,0.04655818354494029
5.718046902000001,0.04117144501219942,-1.0234077749849186,0.17047359272099377,1.2593013216396256,0.03830975999949198,0.7829071059271825,0.038053232484125475
5.777718781000001,0.03474682851398852,-0.9771994883070771,0.16002220389729097,1.2065585534431362,0.039255048996988055,0.7073560962462915,0.04167455445669242
5.829160450000001,0.04871167060524534,-0.9595595702154222,0.17638993804578698,1.1807711011769475,0.027821292686353402,0.689018211139166,0.020052886511007548
5.877650974000001,0.04138114064432311,-0.9654156912570059,0.16859598054011513,1.193986003228657,0.0351448965381429,0.6996281796251068,0.024130497856522798
5.934173105000001,0.046901453353224605,-0.9963072765962332,0.17841238124655676,1.2338349658599232,0.031601351817732756,0.7488594883515355,0.018182242763430664
5.985224007000001,0.043878132055928616,-0.9950685942537844,0.17569442459047124,1.2330339585684285,0.03384309019401695,0.7434719429853324,0.020979045309141176
6.060380934000001,0.04586386497437306,-1.0001286847614976,0.17810295798951722,1.2417147141826388,0.035459163482245135,0.7515293922593217,0.02120315156130993
6.1258347020000015,0.021663944359519346,-1.0010507478055992,0.15158188368083148,1.243828459582102,0.051933484207734346,0.7473119756904584,0.05012463468177761
6.1878588190000015,0.04047387069136633,-0.9759031988254615,0.17361726996932492,1.212236879704673,0.03836891815539332,0.7107868290596435,0.031399211841640386
6.245451211000002,0.045836322154791324,-0.9648489472164502,0.17349015396897466,1.2030982449376983,0.03747282432609003,0.7044075140677811,0.020724784793952577
6.3075194350000015,0.04159819213248353,-0.9131553680077481,0.16286078602755905,1.1341633123286035,0.03421973524351781,0.6239205208611938,0.025176038958802962
6.369141101000001,0.043477241663693385,-0.8651165376047008,0.15800620224245898,1.0699525157574261,0.028553557905370675,0.5533497205842752,0.024634595473743262
6.4315021030000015,0.04808457687723067,-0.8196544600325776,0.15946980073651218,0.9857557220699565,0.02606758953290476,0.5055691450010631,0.021630953920841384
6.490563869000002,0.04079391664481805,-0.6583333139608192,0.13894587148349763,0.7048393590648464,0.026597190648552857,0.3212284724011132,0.028976897087802343
6.5512170790000015,0.04649222323850686,-0.4984823407892701,0.11930281243596093,0.4308316461002102,0.019203127491643095,0.11843444796282526,0.03543053742004451
6.6116313940000015,0.066023421684287,-0.32333326293209297,0.11064741668606255,0.11599869338018932,0.00582937765720608,-0.09843349324832563,0.03337377623861807
6.675816536000002,0.07057799164633198,-0.3161764135331908,0.12414613596541216,0.08138770450763877,0.0018112186104911,-0.0925407902272598,0.027369397538083158
6.728939772000002,0.0672514229453592,-0.3170889882492855,0.12413166308923937,0.05474504043147314,0.0022413396871595725,-0.07326459629135947,0.03239678241927783
6.778514386000002,0.0923855719591841,-0.29838864320339703,0.14203658843293535,0.0055593110636603695,-0.004366671511824265,-0.09398380401673166,0.022437989789702153
6.828548909000002,0.09484355925798306,-0.25367322516650315,0.14033993446264528,-0.08850860552667535,-0.005098217372872201,-0.1387781271768497,0.025933517572571774
6.885105372000002,0.06533316526461057,-0.20240893520478237,0.11515718441396745,-0.18508037779730566,0.006844486445827039,-0.21040548710797208,0.0463762444826432
6.942533971000001,0.0662632280590592,-0.043749044227915146,0.10193098527297301,-0.44442727582332364,-0.0038405499349884907,-0.40094521443761494,0.045283671976517274
6.9984428900000015,0.0846777775502836,-0.018106098076481426,0.11575835225507458,-0.49612093842915855,-0.01241499326080639,-0.42229075922819387,0.03919532523011112
7.056549789000002,0.07044424790436797,0.023519029070760797,0.10210194832877076,-0.5757685423367133,-0.007780959918740059,-0.45460510745924454,0.047351482042782556
7.114791156000002,0.06140354213978565,0.020620482150610797,0.10454727624661089,-0.5955754705777153,-0.0027722188444503715,-0.42829763653054076,0.054291892037904924
7.171915055000001,0.007825102012231763,0.14996096463659375,0.05818938554881401,-0.802564795174582,0.012093246638796275,-0.5896707908222631,0.07954808418935051
7.232291938000001,-0.02224025496381567,0.2461099213968891,0.01782630043510532,-0.9657385767675268,0.018496839993100755,-0.6930136962613876,0.09961743935332423
7.282411338000001,-0.05403063528857997,0.21560517315407998,-0.0005534033178306932,-0.9504002687694382,0.034191358330893096,-0.6150160383511137,0.11619278026936863
7.336257220000001,-0.05859086405857279,0.2214214463126839,0.012008847774164853,-0.9845980200138372,0.03041490098621498,-0.5901050458704298,0.10838597811777015
7.395172596000001,-0.05964150826108786,0.2110138051186771,0.04133749254848362,-0.9750644490918795,0.025369548146062272,-0.5530276479050498,0.09707464053788814
7.456159353000001,-0.0916973487522448,0.23831040936966447,-0.0010053071813750543,-0.9767290125141174,0.030688741146900112,-0.5802973442921868,0.11119739797109485
7.517127990000001,-0.06762538509401343,0.25464489549686564,-0.0030118388593818983,-0.9676792790320784,0.02016609319913671,-0.5885472488917762,0.10384374067964935
7.577161312000001,-0.053172707941344995,0.23004548946493797,0.003761920064578015,-0.9126724526953909,0.012993236018376554,-0.5442079627663525,0.09901978946320959
7.636335134000001,-0.04095263297529207,0.23917227400292662,-0.018602875958203743,-0.9048588717391247,0.0079642780201625,-0.5362178535573068,0.09947565978371327
7.693302631000001,0.003627233856712828,0.31724951033706494,-0.023122811547123104,-1.0015143167021843,-0.00761137812632182,-0.6052132749819948,0.0868586478426172
7.744448661000001,0.0489438134988078,0.35947999675622455,0.004780685388264663,-1.024745914128662,-0.03270592769427885,-0.6439183264010679,0.051103085040675025
7.797787189000001,0.012446819229057073,0.38938239480868,-0.032933886039009444,-1.0436995616221192,-0.02533653694765627,-0.6694299263350822,0.0617702542829075
7.852454185000001,0.009503262385459224,0.3011769985605585,-0.03930023577599438,-0.9018094343683508,-0.015558537504313203,-0.5495449300456486,0.0801900948352379
7.912776470000001,-0.014769834613876844,0.35939336661978855,-0.0762647498888916,-0.935469596227518,-0.016312421441625997,-0.5783034664430484,0.0834441519619063
7.974746465000001,-0.01858324379530673,0.4748690353583383,-0.10877149893356942,-1.0719367015750352,-0.02084008695659084,-0.7044526226774098,0.08388393866819975
8.036540508000002,-0.003754964098068022,0.5293416672805106,-0.08980688625903134,-1.1604380470423827,-0.02573868744028401,-0.7490858379154889,0.08390072441421997
8.096419573000002,-0.008561175244348377,0.5415520628361981,-0.11423939174562213,-1.1838726062942992,-0.023366260282004468,-0.7398450854681129,0.08872055257968518
8.147287846000003,-0.02290388991253762,0.6397178131712282,-0.15132225240840783,-1.2952020529837098,-0.027332456500020336,-0.8215773878538789,0.08930154080610431
8.198523045000004,-0.022231797994285492,0.6116366215058567,-0.14549020254358716,-1.2244637080260907,-0.04843679558332838,-0.7682413577225594,0.05668995794398733
8.248798848000003,0.00402982353783557,0.519079011284298,-0.08851720680603861,-1.070119439969644,-0.054542990469928755,-0.6324338968313115,0.011807339139655622
8.300291062000003,-0.0027219015122853865,0.43019442776578354,-0.08768695315201015,-0.9392627903809709,-0.03489346543530993,-0.5487036263687827,0.06574897950621246
8.350661517000002,-0.007498501372611497,0.37334325076795255,-0.07545267303138825,-0.8333330634476878,-0.0274000109224833,-0.5058054207797521,0.07192981267691212
8.399932862000002,0.04167657970452158,0.275149640288233,0.01578244034340616,-0.6805869785828993,-0.040432304004839804,-0.4101689403608976,0.05131824837801498
8.461609841000001,0.05934575497120972,0.21102487514878226,0.05911740189614772,-0.5365317424645316,-0.05932160513757848,-0.33104012091063284,0.02486479671599233
8.520213605000002,0.1099723105440426,0.19484621140557298,0.14312449575842215,-0.45889083067934533,-0.10941428936905462,-0.25455305746257045,-0.053893908621519736
8.581432821000002,0.1528567118016871,0.15010777182626672,0.22575234671400302,-0.37998676354391664,-0.1460733888500848,-0.15972133892063922,-0.1519145452065688
8.640315296000002,0.19728488313853382,0.2325926482160887,0.28209789447713857,-0.4292632373016219,-0.2051530368248963,-0.20664785837578764,-0.27953857153247014
8.692289593000002,0.22494167219496644,0.4918167110761664,0.2955667439041135,-0.6448552242772303,-0.2956011995408988,-0.43374265407699797,-0.47389846870128005
8.741545917000002,0.189810370066845,0.727144511278454,0.20663127675773535,-0.9006909690334084,-0.2747944088111039,-0.6869720875211991,-0.4524042822680366
8.801008941000001,0.10761104187834483,0.6949239412016001,0.07006632422069711,-0.9117856952920734,-0.19222645241469719,-0.7180297830580197,-0.3069590282544629
8.854708196,0.06621377075362064,0.6121963685899781,0.008537991459368469,-0.8951252797055544,-0.11397889091991881,-0.7043616431108298,-0.11482494155525377
8.919463397000001,0.06365384093771484,0.5703241281523472,0.027848798453886634,-0.8339998747419414,-0.12565693031922087,-0.6413966182319478,-0.15593703107238935
8.977864267000001,0.04475138384531548,0.6568427102913533,-0.03973295932423934,-0.9676121103902574,-0.09210570552385383,-0.7970509246480344,-0.07168260880166123
9.034744264,0.010016342496855582,0.6348151817683524,-0.08418772242992961,-0.9817797255724847,-0.05235038808388745,-0.8261933180806129,0.02660583767322315
9.086515189,0.003122375581884582,0.38643452127767053,-0.058473622648319394,-0.6842980204953926,-0.03810102793410683,-0.6132388568012241,0.040916367898362636
9.139189483,0.0048058379027418,0.06286451098670427,0.013624159426952259,-0.2766050982663398,-0.0363682397105707,-0.3238606963321469,0.037915313038519805
9.199232103,-0.0074032360727672945,-0.14305538061864906,0.04391439835840178,0.009846951295956932,-0.0362975667038547,-0.2021091836682816,0.03240735907729415
9.260991336,-0.05149996369177153,-0.28324230689408947,0.01806733187336291,0.23118839236062086,-0.03516485350171637,-0.18038203403203623,0.026992075757796354
9.318804981,-0.051225105065386335,-0.27245015390044847,0.029627514253751076,0.26774959686749505,-0.05057018993211013,-0.286337920919235,0.011000611139779468
9.378293038999999,-0.045943980101816995,-0.16369081290383122,0.028810541649137718,0.1666976126641642,-0.0625692683389686,-0.43671794149160853,0.004900205714085492
9.435621263,-0.018602218284295816,-0.20944726610120412,0.08252895559462517,0.20781084660623045,-0.0698847750948629,-0.4134038551984216,0.010632508079300771
9.494905235,0.01763263901065027,-0.18492021424242513,0.14043445198740437,0.17449461789209358,-0.0779799626439281,-0.3919169272174181,0.011721148968692642
9.551942111999999,0.006260691761759595,-0.21924756507133414,0.12414170737191653,0.16676910323105004,-0.022035922338507992,-0.35505271788807585,0.10612029960628785
9.607604027999999,-0.06264431896228215,-0.2728179112770086,0.030408752584428024,0.15724878787535057,0.10952814577086074,-0.29577481150769164,0.29909821835644096
9.671594381999999,-0.18001446344025962,-0.462276170335683,-0.11659403870596231,0.21838816788862078,0.3087047955008844,-0.15564178413269453,0.6739622510120508
9.728615045999998,-0.22747846580661937,-0.5030864341430535,-0.1875118700581684,0.22702675977902464,0.31268753529294924,-0.056410519469497614,0.8945460401400149
9.788531541999998,-0.24842922756209299,-0.452808040366547,-0.2504901987854816,0.12386433360642539,0.3247804705688981,-0.09370469446061061,1.1054384548439282
9.847716807999998,-0.2961772475748405,-0.3998755356645798,-0.31864032329898456,0.03817626043696818,0.3663445375055486,-0.09780252566070763,1.1511174504103836
9.909603117999998,-0.3352501547706197,-0.47926407075845956,-0.3632761575325138,0.0699757204574859,0.40876121963978235,-0.002060016520516454,1.2938346999474486
9.961587904999998,-0.32861834118303335,-0.4890294903139902,-0.3480896800335205,0.07125377287648896,0.3919725531931185,0.03564357387508085,1.2915828493352564
10.016020058999999,-0.33835126714146946,-0.5153841023650485,-0.36083134275627604,0.069122551657331,0.41932022323083723,0.049520920483827766,1.34797972967964
10.073997735999999,-0.37544938324891297,-0.5736923189626024,-0.4039900724724721,0.11086708988488264,0.47935551623981426,0.07430379023322586,1.4220496440081147
10.131204366999999,-0.39772948963891197,-0.6311570020897368,-0.4297529908897333,0.14141877530662986,0.5656556256764045,0.09666172129475135,1.467207983001508
10.179819106999998,-0.4175371729525377,-0.6697364206051498,-0.4580199778969997,0.13455089987676022,0.7026672095895915,0.09659598642031761,1.4914647154292637
10.227966309,-0.40404295893023734,-0.6430123519268457,-0.42266554824853086,0.11568956358280959,0.6933282742348258,0.072541003009948,1.4702059795114353
10.27670908,-0.40195295394926406,-0.6315031412385262,-0.39760490231139134,0.1342074475224242,0.6839277295953874,0.0696992340017067,1.422487689438065
10.32624507,-0.4198797657554713,-0.56295864624027,-0.42430922546124017,0.09607925597923679,0.6420596017587453,0.01127485165204806,1.3911639446936863
10.375831604,-0.38883827538229015,-0.5496934669808803,-0.37963630308599083,0.10881377731213339,0.601579462136792,0.004808873863057933,1.325644855594443
10.436728716,-0.45409046552519344,-0.5703944271041075,-0.43821467837136857,0.07480325074747816,0.7635033511170899,-0.02757834926248403,1.4122987814856147
10.494289876,-0.46971177813451953,-0.5295481876296783,-0.45044607220168004,0.027516035741773484,0.7697590998838424,-0.0627245283353477,1.3894959024162614
10.546628476,-0.5276031732264856,-0.5612438675408954,-0.5089863373047945,0.039743280107002545,0.8417007640268322,-0.056732000477935515,1.502280974144542
10.602502824,-0.5266838428847826,-0.6129331162331648,-0.5145475279601819,0.07115624519968074,0.9098289004449734,-0.017431894699685032,1.5084615757798305
10.652621748,-0.5387229826028729,-0.6428805688174541,-0.504887910361361,0.11124242320000062,0.8755570453940494,0.02631654882300151,1.5115861624870297
10.702875139,-0.5327167460174633,-0.6470255063035626,-0.5004190185556379,0.13044107893897353,0.8310659922461423,0.05098976649690034,1.5230149664009964
10.767430546,-0.5461926414395091,-0.6338731021958588,-0.524569269547827,0.12954161488474458,0.8602967584745401,0.05325366790333652,1.5048258495817022
10.838335516999999,-0.5576478018490747,-0.6143098178930417,-0.5342804371671065,0.1547374956784661,0.7979522465585386,0.06974625095382433,1.4820565783238502
10.910969974999999,-0.5389210981675141,-0.6014131878634095,-0.5317366426036021,0.1717958026568672,0.6967411318980468,0.08019035994911843,1.4804601513403295
10.991771939,-0.5644604243135418,-0.617264030826429,-0.5465916930180309,0.19563943091922573,0.7116729536639934,0.09333427473646813,1.48085784355949
11.056063415999999,-0.5182761594713822,-0.5829845406292118,-0.48994900697803495,0.20405029577713463,0.5810306117031996,0.09333596333071334,1.4133251130299533
11.123305322999999,-0.4899536765213402,-0.5809425765219872,-0.44896934581752973,0.22679858205977257,0.5000638767537976,0.10811023880448634,1.4007352000887152
11.188440562999999,-0.47873300208871405,-0.5536537187314381,-0.43445518833538427,0.21889994498332774,0.44941920767010546,0.08459972213110256,1.403075139778418
11.249534131999999,-0.5004995103077028,-0.5616692043536269,-0.4563164253436268,0.20465451892721456,0.47056837194042594,0.09167803606574308,1.4607074897860877
11.311285259,-0.4700403714997317,-0.5577757581933135,-0.4115051856388275,0.23409603223957312,0.4133771082375811,0.10723658132663827,1.3762083739238082
11.37187791,-0.4576822844899902,-0.5785504593022556,-0.3916351236191981,0.2776608096850791,0.3840056986594534,0.1311472731018408,1.3430542981629818
11.434027673000001,-0.426262602456805,-0.584426841643215,-0.34631798116559165,0.32138901376930773,0.33646186244923953,0.15009009484071978,1.2066606510473603
11.508905888000001,-0.4398540981696372,-0.6204408592167651,-0.35154783419968105,0.38226844421625655,0.3340087565716194,0.1752596799598188,1.2067447931335362
11.570485831000001,-0.44689146438320176,-0.634944024017725,-0.35159218530011477,0.42029880995900903,0.32464787170808196,0.18155650702800877,1.1809191154771956
11.633912087,-0.4406649903021304,-0.6688059136917122,-0.33267836437571907,0.4916352562358607,0.29794128236366607,0.21255795932421084,1.0947805230228622
11.696810485,-0.42905433981848395,-0.6367444904766336,-0.31663147527488666,0.4721306470465377,0.2686602220719507,0.16380821817802146,1.0088279612714333
11.759704115,-0.37542305599383974,-0.6035748002667988,-0.2527903262189123,0.4888337276314893,0.19729246649967438,0.13882045753644343,0.8070845360877584
11.823561432,-0.3141560655891854,-0.49366866802469056,-0.18553758601012527,0.3596459808988736,0.13978780100920224,0.0270556540267451,0.6621778652498608
11.898160936,-0.280615175943147,-0.45907014640457827,-0.15100071537593257,0.2678895139496123,0.11278340646734701,-0.049964697125887324,0.5551626338789315
11.973342897,-0.22884270884814298,-0.4237503521393387,-0.09142789014189044,0.15919845898390383,0.043895061412599724,-0.11104255590291881,0.5142564937005746
12.051006557000001,-0.0525526239113967,-0.3873902432786835,0.12580871672595884,0.14072639858905345,-0.1873229698828605,-0.14901305704235426,0.1801951838529436
12.128510477,0.08580265990282615,-0.23265113926396497,0.2663119927081554,0.05489133746394392,-0.3938244829882304,-0.2663827756519242,-0.1817762322419833
12.188456775,0.1705454632126151,-0.2622906133163589,0.3530192441014507,0.12344113174535705,-0.4852937652392376,-0.2198452142906416,-0.4734481967484161
12.256924154,0.24561791586161322,-0.07164462462033959,0.4035497650422996,0.003623222060636368,-0.6514303013601463,-0.34948736692857024,-0.6466751330197855
12.323830844,0.28915732922577125,-0.0931589853643709,0.45650203172074605,0.060838955803004156,-0.7394552429294075,-0.2820327615649729,-0.7370585683576334
12.397060633999999,0.3607111880621851,0.021378605924324508,0.5340813809135245,0.019310547592764966,-0.8509443424227073,-0.29585121458850844,-0.84798640968942
12.474164725,0.4116185272633559,0.09708938228946129,0.5819744034403702,0.008237390485317967,-0.9244061119174497,-0.2825749035693564,-1.0038401154628043
12.545692683,0.5096969376534162,0.12210272885942176,0.673609860487653,0.052540595018301,-0.9839846914167752,-0.18560603836185724,-1.1420390930644935
12.613663197000001,0.5179284648370032,0.07580107054285583,0.6918311296921151,0.12303835838750626,-0.9554102267525053,-0.0697475170818387,-1.140504794861295
12.683519364,0.5084197424575306,0.07201686785957398,0.6756184219966161,0.13294402751776818,-0.8882416924390367,-0.05219024861504193,-1.2193540033495516
12.751103879,0.43548842236705493,0.0979810954089851,0.5833878917454834,0.08032909693764148,-0.7733126549531195,-0.08440541423497283,-1.1950047204255185
12.814867497,0.4948084498086685,0.15172524125649572,0.6508863874474146,0.05368426699489431,-0.8627630249078341,-0.09903489065939967,-1.2614082963855018
12.881185532,0.4600743373502853,0.1822779524730836,0.6051561193248096,0.008452278063631238,-0.7672005923809938,-0.1294021031843393,-1.2518170936313704
12.965486766,0.40059048497173905,0.1566018523444823,0.5330776743628179,-0.012016623437463281,-0.6336187782310253,-0.13429560674535915,-1.2148750337814702
13.029662371999999,0.3696399138496729,0.18421374440108543,0.4892827081045721,-0.07691741260695621,-0.561053412237373,-0.1729783216568825,-1.2296699002614238
13.088143112,0.38267159651645666,0.19784028350793637,0.4983407153330555,-0.11590938584649174,-0.5649082966500357,-0.18621338014751185,-1.219145946732631
13.156060936,0.3956558336979346,0.24218883598293545,0.5115293320225821,-0.09094909894221789,-0.5894596568743264,-0.17779198753213823,-1.3101698896110314
13.23134494,0.38258252003203436,0.2716325310278893,0.4958511946070589,-0.08782996679706163,-0.5792968847860649,-0.18306367129494247,-1.2772153999251983
13.304472924999999,0.3482312476538141,0.2985442759286737,0.46541285872176147,-0.12634878903587787,-0.5503286824022212,-0.20862432483499233,-1.2130847809170187
13.377243281999998,0.33713927838175767,0.36574636599879723,0.43372069948914005,-0.22335324616426835,-0.5266528561946605,-0.2725412198373412,-1.1680082924299688
13.434909344999998,0.2790001837111149,0.3643671758531676,0.3742110470017648,-0.23187794487643967,-0.48754786397654337,-0.2427313317145776,-1.1049130102417002
13.507543326999997,0.2582583362566285,0.35831973421438157,0.3318481393150692,-0.2550481966587772,-0.45501513464440524,-0.26156580555500325,-1.0634226268720222
13.570722342999996,0.2513416165309085,0.37712458324536685,0.3353225920469733,-0.303321441619989,-0.43873440910822453,-0.27418137382879654,-1.0167185001475794
13.636766434999997,0.22737195704325816,0.36994015182732826,0.3093273231212242,-0.29060147236368034,-0.41329578905416686,-0.24536721385664853,-0.9388687860062431
13.699826240999997,0.21934793390825802,0.25558705298621465,0.29270395755556955,-0.18347676231460386,-0.3746699704891674,-0.17326741993740669,-0.8641821746773
13.762123584999996,0.20638098169531002,0.25420269345315316,0.2744754351314545,-0.18037972487183673,-0.3467929095010197,-0.18193154309837611,-0.7775181350381333
13.825647592999996,0.22716768743733587,0.21526625798450985,0.31232300071870284,-0.12870756208860765,-0.3559548016856738,-0.1400039484675543,-0.7848444193724636
13.887716292999995,0.261327492439282,0.136914429480979,0.373788345702705,-0.039510621781153096,-0.3710157608423903,-0.027358728482612376,-0.7939906236378265
13.951221703999995,0.2541434982190408,-0.01655105976506564,0.38982801474427947,0.10503245356059485,-0.34721592795452033,0.13981358811573255,-0.7358822598053152
14.013972281999994,0.331032554930137,-0.07585199896858841,0.5150199179486522,0.24610742239490802,-0.4395066767002408,0.32676817056404817,-0.9673942794863924
14.074909686999995,0.4357573714286279,-0.127423180106783,0.6547247001152008,0.3353247114128632,-0.5180390846720869,0.4633082974859833,-1.0702421326434473
14.139799832999994,0.4943989620410737,-0.2743731063886622,0.7790363500898991,0.5006575622173168,-0.5420679589832532,0.6604931739104133,-1.1578126951312482
14.202047347999994,0.5426040838887127,-0.3070596000689468,0.8521381041755018,0.5335871916429062,-0.5517687784761193,0.7117261833923663,-1.152300771179204
14.264283895999993,0.5377359252839983,-0.28398674137462554,0.869952993484594,0.48861717719004427,-0.5382576371706865,0.6474715382458082,-1.120543788577612
14.329763412999993,0.5756291936267238,-0.2628490648269184,0.9291766725095807,0.4999021000455782,-0.5641233198693636,0.6581113765724109,-1.2369015870342266
14.390758991999993,0.5714014069469786,-0.32557496719284756,0.9345334666896006,0.5610595975309385,-0.5577059208904093,0.6915457555912189,-1.2786884605729445
14.454259634999993,0.5708124879138909,-0.36427416343657326,0.9409654857164053,0.5998905737534975,-0.5490069385704057,0.7193246702143651,-1.3095988949256134
14.517675161999993,0.5411418074574706,-0.27317285475705094,0.863167288370015,0.4938093529943445,-0.5431176320524984,0.5461310651499885,-1.3507495447554128
14.579049110999993,0.560667520126614,-0.18247281559663164,0.8691401424976418,0.39930299904627475,-0.5715832157120576,0.4104941975297878,-1.4533369152458915
14.644046545999993,0.5735980272523394,-0.11542207512425155,0.8771259452860803,0.3240007541371901,-0.6000485797944198,0.3045057319449951,-1.471444207038747
14.710737943999993,0.6479143421757227,-0.04427655732060483,0.9519194988011823,0.27045075195183793,-0.7203051400807006,0.24888810556178334,-1.5478452008432342
14.776336669999992,0.6313135895074646,-0.09526497678727892,0.9326935710252724,0.31683198235650134,-0.7572519531117549,0.29809522207003586,-1.4459454050629263
14.845740079999992,0.637463842957739,-0.06961510464056223,0.9366442179657822,0.28726828099124163,-0.7016713918788697,0.24313215658034,-1.4661614968647325
14.907530784999992,0.6612957108676472,-0.06725157297744831,0.9665541452566014,0.3209552352132196,-0.7504017490275001,0.233403379142257,-1.5073039967882431
14.970826625999992,0.6614468387579192,-0.13052013078439706,0.9848777818630301,0.41688929378863987,-0.7817392711668218,0.291326195200984,-1.5254990283024603
15.033172845999992,0.6722252378431868,-0.16940431957490057,0.9950745965983505,0.4653896687283683,-0.7911313615580844,0.3288337920387547,-1.5014143237219653
15.112152814999993,0.654706023291988,-0.21511486195719495,0.9783229914187441,0.49957856534020845,-0.7396824886692905,0.3695296856685277,-1.4635177975302813
15.189756393999993,0.6106260771917504,-0.2776251028279278,0.933850172557312,0.5538829993898197,-0.6368931612129755,0.4155181716684868,-1.4259185988827414
15.258937836999992,0.619912109183411,-0.21277582562432132,0.9272138458159507,0.469643611479266,-0.6275218913147831,0.3356711274122352,-1.432935093314656
15.324573517999992,0.5257543553065331,-0.25876077072345344,0.8031369921345173,0.44889193395066,-0.47887192134552253,0.3204887174979841,-1.2218067536473896
15.425067902999992,0.5101463055686614,-0.23418138426822488,0.7792143703275757,0.4120079031877531,-0.4377400194903281,0.2630133720096831,-1.1828292265457758
15.501413584999991,0.5119136577246617,-0.28444341484112295,0.7826320700040719,0.48493901195046646,-0.45325133579740823,0.29909485502281263,-1.1565324586859147
15.575866461999992,0.4292269461829429,-0.42934708588558956,0.7075626046449663,0.619669984207405,-0.34858156573549254,0.40535564321766765,-1.032250450416883
15.643246651999991,0.36167136085666596,-0.42574655093355646,0.6051265278520108,0.5707735006291913,-0.25816443391859606,0.33878159898299925,-0.8628069576041894
15.715061426999991,0.34393928237644406,-0.406427919359084,0.5703474063910894,0.5507618983823201,-0.2359236895339874,0.2952114728078317,-0.7802586780851508
15.777836322999992,0.37647541377950516,-0.4968338621643835,0.6253638494919039,0.7056441872312011,-0.263336103498709,0.3808259107656305,-0.8425001502836706
15.846291303999992,0.40771714549009974,-0.5677615550431623,0.6996559372934742,0.8145874533393798,-0.2852363895063628,0.43386074834500193,-0.8684363602542642
15.934805392999992,0.34998209667455266,-0.6439599344038464,0.6671138986621535,0.8649139105557917,-0.23319243185817481,0.45987761291867624,-0.7185682654781743
16.01509976299999,0.2887609878478982,-0.6296060497802666,0.5604529205645192,0.7507355272942009,-0.15748113001727032,0.3998627174783961,-0.526606043353859
16.095344541999992,0.2688354350068567,-0.5485495970213324,0.4999306744553058,0.6111488071916078,-0.13424951884299494,0.31983471693836363,-0.5037952412550932
16.17824888099999,0.23821937590308415,-0.5050794374925235,0.4274828164398432,0.503472629632111,-0.10223259832979635,0.2639300318493785,-0.4743152937572709
16.25499748999999,0.24533167712825343,-0.569402594078293,0.4448242752471892,0.5180229028429375,-0.09711601945485614,0.28640370078556504,-0.464134773631719
16.33166026799999,0.20017795977942957,-0.6628251774889014,0.4148965719721532,0.515629114039081,-0.058061645482376155,0.30869540657317773,-0.42273374699290256
16.40174483999999,0.22440859755357323,-0.6943410645557963,0.4365258484424474,0.3596075272183522,-0.03354564132099393,0.2619392555873517,-0.39199731262588
16.473163839999987,0.21696926165711672,-0.6586768465330791,0.41741020645251825,0.13348093237461556,0.011863805187634257,0.1598913497734541,-0.3076580232162565
16.545733448999986,0.07242293607716749,-0.6063382824155066,0.2279662396329487,-0.16400306958746041,0.1876838109422204,-0.005843261406882935,0.04677619908514356
16.612620111999984,-0.07883647906707375,-0.4405748395135422,0.04582813744411013,-0.4946754997434439,0.29612288860778263,-0.2301987202240287,0.3085333770315608
16.679569955999984,-0.1751138947679994,-0.37408782841521404,-0.08852062909964775,-0.5592248131321116,0.3490983485861421,-0.25976111199730517,0.44458956998337895
16.742042536999985,-0.2655300331699254,-0.3336098834750924,-0.2264077707065844,-0.5557515358931817,0.39944387761649713,-0.2590008972568692,0.6201352406038925
16.805075640999984,-0.3397413729721046,-0.277635912336378,-0.3440037753704976,-0.5891937224957552,0.4538564610786217,-0.27757424011848375,0.7611831944600116
16.871989721999984,-0.4294556877202507,-0.20545097429188183,-0.4785125577772978,-0.6843644553967615,0.49707218679169884,-0.34034815900741827,0.8958334803413555
16.971537108999986,-0.5029060520915767,-0.14487787143364678,-0.622286745339321,-0.8151070840989604,0.5998649903949671,-0.42062928413306017,1.1272283743071314
17.040491576999987,-0.46482871006751925,-0.04144789971609453,-0.5813750906433558,-0.9146746766881843,0.5297214714569384,-0.47618689305579104,1.0978851350005794
17.116525406999987,-0.3821170281618449,-0.052713274348618624,-0.48304617131368804,-0.882480604824856,0.48171440113994274,-0.4508514410468562,1.0887044225276719
17.193325753999986,-0.40100284786010526,-0.06982712800155702,-0.5113679885836739,-0.8421156541819159,0.4980171793220932,-0.42688716678285094,1.127233484265733
17.271564479999984,-0.37888637529098046,0.01098352989540103,-0.49433806351052223,-0.9084691185101559,0.48681125709211814,-0.4656488053977374,1.0776282635583883
17.346988912999983,-0.36803636586506455,-0.006449014472524016,-0.48188124182193587,-0.8689078864052038,0.5039887628000496,-0.44161696252150384,1.1028733340376329
17.42705177899998,-0.3873816566982519,-0.010119795853055204,-0.5138332381938009,-0.8635212704358425,0.5661018396444074,-0.4356985524203614,1.092348277617081
17.500303741999982,-0.40149946262004554,0.025504173741392334,-0.5447734656240751,-0.9099167869190649,0.6066438163863856,-0.46287657877245064,1.1217254580863953
17.581326480999984,-0.4143285899956488,0.20294651429550292,-0.5956060544690729,-1.0479272000553617,0.5915141290249755,-0.5570966224654569,1.0660636011611366
17.657608981999985,-0.38133433560037533,0.2674293588973377,-0.5842222812758243,-1.0203798547160317,0.49032699743914415,-0.550680453308132,0.9982578765559391
17.732613559999987,-0.372558824186667,0.38621388329257966,-0.5936522980575928,-1.0796771987781812,0.5239000348488354,-0.5963727773671325,0.9569324776912567
17.810848947999986,-0.381298490211108,0.30918177688033854,-0.603674460535351,-0.9080485710689566,0.547909742321932,-0.5024092098288759,0.9142163753364717
17.892967697999985,-0.3729954295523903,0.3071213258674726,-0.606687272348294,-0.8167692869356092,0.5838742389315141,-0.45287571134403704,0.9449274553079958
17.957811113999984,-0.3624082015092041,0.29317001503767887,-0.6087503006451722,-0.7427527739147951,0.6045349239686328,-0.3728853680130058,0.8828215701658485
18.018582578999983,-0.37606805336252846,0.10419744006705059,-0.6121792627645025,-0.5476014785465508,0.6245662940681996,-0.1795721233657331,0.8783294766008929
18.094944711999982,-0.32639412575342,0.0348849591123729,-0.5269248389315759,-0.3848647217463068,0.5006208415710962,0.0014883514033326227,0.6949946040959712
18.16121792399998,-0.33177275622498925,0.024469911472916512,-0.5297676990998056,-0.30904234246949347,0.3491028925016564,0.04304760552256162,0.5076809150982414
18.23335313499998,-0.31898102808201034,-0.10831898996567257,-0.48827554272149526,-0.11014738944807265,0.21528463576086387,0.20629763481810068,0.3706284657459815
18.30736350699998,-0.35166905730134346,-0.13895653286792842,-0.5244649740843494,-0.008698764670041128,0.14350052428657897,0.2775863104743549,0.2239091378782091
18.38204407399998,-0.4671658728600282,-0.36000220872753685,-0.6271326055137221,0.25323293131497837,0.1267600830388777,0.40705898071307123,0.07804702981574962
18.460627791999983,-0.5789561482409148,-0.4646395332410288,-0.7737138960156135,0.3391131104783448,0.17288856761668092,0.3920734168577232,0.12876889731480107
18.526900766999983,-0.6467870065161522,-0.5341716740614186,-0.8477378685030458,0.4331049351823615,0.1917421192887733,0.38699646157312967,0.1529025256446589
18.592044112999982,-0.7802881873998663,-0.6307466889915627,-1.024921505513455,0.5051353938765567,0.23538584096594956,0.3134273904958804,0.20304787984845415
18.657585380999983,-0.8002309774650957,-0.6798454786967728,-1.014010760365884,0.5563140331020646,0.2391044108825556,0.2768079462830735,0.2015613522961173
18.733149287999982,-0.6445934424422114,-0.7280748536021152,-0.7971789877248459,0.6610124018167082,0.18172386327001894,0.3116730021647394,0.12667436567955667
18.819123027999982,-0.4812986499567823,-0.803534927792298,-0.5275276044611552,0.7803113054844025,0.13262070502505022,0.402962587685126,0.08549241488841437
18.900398967999983,-0.28885175161077686,-0.7870561548853926,-0.23213886914188725,0.8095650109423348,0.061006487399751064,0.44358828726769045,0.009866964398508496
18.979266641999985,-0.2729776565571981,-0.7184605038858244,-0.20934257866528175,0.731692498257464,0.055460695485389726,0.3958456493063147,0.003237793084292831
19.040326355999984,-0.30860761071263926,-0.6786844560019438,-0.25836444664443686,0.6771272565640507,0.0703614128428498,0.36435413739726424,0.016541578860679796
19.105306147999983,-0.28855224765965487,-0.7686783695824853,-0.23049884090457873,0.7661700346093007,0.06517199676724993,0.41882687614921116,0.0158339724428265
19.166799783999984,-0.29570211227581383,-0.9400653761995512,-0.202314646699254,0.9785281853627014,0.061486267523026605,0.5338628596352981,0.008383798255206128
19.229483365999982,-0.31657073183081713,-1.0573555719182772,-0.20684082103903859,1.1612217210257558,0.0721015726325986,0.6172608468024706,0.012212565511474949
19.29566431099998,-0.30229105808361334,-1.085305152454132,-0.18261057479489592,1.2347140569958135,0.06169001202594453,0.6491714804857734,-0.002858707841644667
19.36006689099998,-0.3079045882762766,-1.0568082496491025,-0.19335097320544714,1.222209007403561,0.06371548759203022,0.6172069868430061,0.0011255118776880289
19.42408108799998,-0.3119870295388668,-1.0184166283771674,-0.20214448539003876,1.186712910562427,0.06994863143975899,0.5974140184841829,0.010079047652383225
19.48992729299998,-0.29247242940513096,-0.878439414828751,-0.1898316411614424,1.0492307527197684,0.05725330550721251,0.4817235777506158,-0.005792100475224701
19.55988907899998,-0.27859812594178335,-0.8954450195101591,-0.1714317331650865,1.0579532983588058,0.0546453760304111,0.49629474494708004,-0.008111046234052531
19.62686681799998,-0.2692736878427153,-0.9272260731819301,-0.15427581244277552,1.1065302680752072,0.05457405224301299,0.5552415865066559,-0.00653901521950331
19.69212722799998,-0.2604168171563766,-0.9424710387809726,-0.13790963199599976,1.1292416904645761,0.05256288984256307,0.5723659572058112,-0.009282034270743965
19.759532927999977,-0.24518041996818168,-0.9595589048816825,-0.10761337423225881,1.1528228656489923,0.04375912910192208,0.5857124366545331,-0.021245199506303308
19.82300853699998,-0.2585573608651296,-0.9787959565904182,-0.12516397927331024,1.2043212233683416,0.05145670811029437,0.6050931568295884,-0.01418362422870146
19.887377499999978,-0.28912732407461156,-0.9920150978523825,-0.16642067455301546,1.230359090183763,0.06667933406812952,0.6096638954225148,0.0041944659258263805
19.95038318599998,-0.3070482011419318,-1.0576145189324102,-0.1844885600040076,1.303620148701901,0.0765582760694587,0.6498215195960041,0.010360792434053339
20.01645159699998,-0.3170833565829486,-1.117519885875188,-0.1910036916044076,1.3773249203376645,0.08257963565505361,0.688248687180653,0.020792835282770723
20.08085131599998,-0.31905138360647767,-1.1521194141160507,-0.19102324323834954,1.430239904345254,0.08356146003592155,0.7146728647183018,0.015268069931104411
20.14387178399998,-0.316212103957294,-1.1960878651757059,-0.18013050478727582,1.4843104822655933,0.08368892838737017,0.7454024356472359,0.018111046482484346
20.20827841799998,-0.3271074929672852,-1.2009261033994492,-0.19917839143309468,1.4710617385081515,0.0913076967641025,0.73825435545779,0.026150278847761124
20.277629852999983,-0.31454830614889817,-1.2288682779459954,-0.17865058939547912,1.4670708081092503,0.08914584860161823,0.744760255972888,0.02709987466819171
20.339369297999983,-0.32004383517555157,-1.2100525378031635,-0.19780429255670506,1.4391827698784414,0.0958684524806615,0.7274732729196615,0.03481242515982416
20.400262117999983,-0.3315579556436382,-1.2483194348839863,-0.20950665528538145,1.4961170492182405,0.10285056423642444,0.754843777875598,0.03954474025852608
20.46080446299998,-0.31508964540923534,-1.2325330824243603,-0.19607551420791156,1.5210709462422007,0.08858483463068623,0.757599872987014,0.030062428678471156
20.52362894999998,-0.3160029854302455,-1.2038184691226355,-0.19804863734800338,1.5139638921701715,0.09366102007665618,0.7456408085401109,0.028137201503723737
20.603575228999983,-0.32593748587287563,-1.2543707539803317,-0.20680001847863294,1.557016023068763,0.10235039920410063,0.7725692963877068,0.03897733546909357
20.664731739999983,-0.3195956608195947,-1.3145577698315087,-0.19643038541108587,1.6156289552062748,0.10080631524420557,0.8086280805178045,0.03730479370522672
20.728004215999984,-0.3271118219614727,-1.4337496823005218,-0.19594655667129066,1.7522789431574768,0.10318585304076623,0.8865205256055597,0.03764959701002552
20.787781236999983,-0.3148651763624204,-1.4185827365957493,-0.1867884903767607,1.7334864202981912,0.09883524452531817,0.8756249042548938,0.032097602246627395
20.86464881699998,-0.2281358463761663,-1.3241261065889827,-0.0889213317122506,1.5720422515856403,0.05416004189919162,0.7956547187586269,-0.010112382856557328
20.944658991999983,-0.14851531878946825,-1.160688259624167,-0.0009901520306107338,1.3093734444578244,0.011977733763662369,0.665727037502552,-0.04587984416562574
21.019346711999983,-0.08386153432308102,-1.078513265044432,0.09796818041567863,1.1450191281396607,-0.028572948839590176,0.5896718726316615,-0.0849515052855661
21.092712877999983,-0.019000981893289692,-0.926967715547748,0.20407929759523882,0.9267533345950654,-0.07654617699629344,0.4353856414740189,-0.1344579658372698
21.165775774999982,0.06693364360024026,-0.7676909112974631,0.3123039102171772,0.6760976398290209,-0.13169798725274112,0.28005606715069903,-0.19000493353336595
21.240485190999983,0.07939648627786401,-0.5435899494437737,0.34294240825947947,0.3625330768223675,-0.14435494833255286,0.11459442680950686,-0.20000306885417718
21.31324934899998,0.08249341032595073,-0.27122143121324416,0.310346343006141,0.020205365605758658,-0.1441351777682031,-0.0612402667187144,-0.19923200200416208
21.38746714499998,0.07568679073932007,-0.10002475602602412,0.27446323644712056,-0.29895371847971924,-0.1315250353399866,-0.21880193170787607,-0.17635109632650878
21.45103549799998,0.08123682760859716,-0.014766239132605025,0.2535175621464654,-0.48403488061164035,-0.11968446604395394,-0.2767906321627414,-0.15714799193186405
21.51871967099998,0.06179830982089904,0.08783390221051357,0.1976332590142875,-0.6803310493139108,-0.0950343298909753,-0.37577274509253467,-0.1209969076144979
21.59206247099998,0.06450480878008816,0.18346374021605039,0.17082809784998165,-0.8503385007539288,-0.08738137781618444,-0.46580560300515006,-0.1078782898662952
21.66985535399998,0.05921159885858288,0.2757395940290478,0.13791408698079444,-0.9980662082885577,-0.07556582192371576,-0.5357817992045577,-0.08915929896809495
21.74847006499998,0.0777258650713331,0.3455600179971247,0.1523325948403021,-1.1347792756420654,-0.07834261406626954,-0.5952199073161221,-0.08880624762517995
21.82751655299998,0.09444440263090262,0.3941445339695711,0.1672709524571468,-1.1881311858644772,-0.08293291648013114,-0.6174847822055386,-0.08969570757927482
21.891371008999982,0.10162779306291708,0.42121756235653285,0.15924588777375956,-1.2398108928128304,-0.07502455465934713,-0.6224626921720001,-0.07700389340494956
21.95703410799998,0.08276313393880808,0.4673663350712213,0.11527388535199555,-1.2926181446292448,-0.059845673485803184,-0.6527992168915978,-0.058948572911388955
22.02518558199998,0.06080971158671723,0.5612492082523345,0.05625788272303965,-1.447680492417878,-0.04267678634247408,-0.7244333414513662,-0.034069655276929775
22.08779430099998,0.07306691187935155,0.6221267089872915,0.06315097632292034,-1.5289545777573021,-0.0472236155040701,-0.754465806448906,-0.03621033673774206
22.15224003499998,0.0778870459676052,0.7189858840779897,0.05529727871595412,-1.6285420261129424,-0.05680747812839758,-0.8085748603738684,-0.04507781821238119
22.21701311699998,0.07670597643722415,0.7153807101767484,0.050819628761702526,-1.594175511899197,-0.05329863412692486,-0.777700128849688,-0.04194869721155419
22.27889227499998,0.09850841823049039,0.7264679052727696,0.06946808496693505,-1.614329398145132,-0.053407642047998444,-0.7683690583176749,-0.03883183487162059
22.34148406599998,0.08740083124085485,0.7008545325864839,0.059437519595490186,-1.5470462825617912,-0.04378971837405823,-0.7292205278003044,-0.028240454066281118
22.406356807999977,0.10367246016463204,0.7816104989320967,0.06313793455943237,-1.648245411677652,-0.052606478190334496,-0.7766515684144193,-0.03243108384259564
22.469517465999978,0.10912534957071142,0.8452191718895448,0.06433914600758764,-1.7400910008001829,-0.05473841566392806,-0.8081138059062688,-0.032095317531441
22.533057924999977,0.1308577369772978,0.9960739855897662,0.061674828386790136,-1.9609763926808506,-0.06385856382864505,-0.9300961441432287,-0.030550931421876523
22.591175075999978,0.10914765913808301,1.0371267846528278,0.01953136625193777,-1.985856883430633,-0.05559573318302216,-0.9459119608982107,-0.021811636585146357
22.650965448999976,0.12093215319614364,1.1249370725533205,0.031563436057008745,-2.104748763937192,-0.0624951510518421,-1.0007279464799435,-0.02607745961400433
22.713893648999978,0.13801139132579623,1.1206658904772038,0.04710743047075829,-2.040643085753806,-0.06348490577336316,-0.9676427847001866,-0.02810146920650591
22.775980707999977,0.14152075893297195,0.9443940497030805,0.0819296728195809,-1.7447611327880843,-0.05833752609648162,-0.7687788905481395,-0.029623091785061905
22.838968273999978,0.14526857263228704,0.76357723952332,0.12127939076673902,-1.4363824733613844,-0.0561765872648885,-0.5940305379342983,-0.03059431629208391
22.90215086699998,0.1979690845257047,0.5440303776496784,0.25299791608170913,-1.073781542831711,-0.06580442653800309,-0.3899649936360157,-0.053650486264792185
22.97455906599998,0.3026581084079277,0.41766092603762883,0.43813306412300496,-0.8501411676876883,-0.09392525654622409,-0.2527007771145064,-0.0857862761686799
23.04946803699998,0.39332180410004586,0.4005964926887924,0.5876965542961191,-0.7701430499958336,-0.12382655321369404,-0.20906438967078939,-0.11590940354133991
23.12706064799998,0.5678251960683283,0.3668159738208124,0.8423470918469659,-0.7101572909068983,-0.16178321116035954,-0.1302085154270456,-0.1436877553338333
23.20363378099998,0.6424435356184137,0.4595210420035506,0.9244312811244236,-0.8109292221264915,-0.18378908119425735,-0.20450542113081402,-0.16178141848480113
23.272537465999978,0.7771601986962711,0.479582069359844,1.1075241985221393,-0.8671236200728343,-0.20416234827424817,-0.23209832329526464,-0.16564748984329003
23.34342216999998,0.7647279173189108,0.5178753937036551,1.107894674085182,-0.9314750722147934,-0.20354840015454748,-0.27016085072345153,-0.16158443924348498
23.41865872899998,0.7113989040438016,0.533687103493348,1.0318137856190652,-0.9525509109781697,-0.18830495978791198,-0.28212185925576044,-0.14783855717861485
23.498939508999978,0.7581501132190146,0.4865994078538058,1.0757772755158481,-0.9177351565850425,-0.18635647095096838,-0.1937805980976772,-0.13471807803255806
23.58223151599998,0.7519958007660863,0.6156487908669732,1.0493325494678962,-1.0965413149886765,-0.18614618852062312,-0.29956146608264705,-0.1266720918244782
23.64984416399998,0.8107335454541308,0.6669423891727548,1.1108195665811613,-1.1696357591051996,-0.1979629280394634,-0.30623836132016313,-0.1366459588820976
23.71822499599998,0.854676187742191,0.6312918587345967,1.1789689353209531,-1.1080539740444735,-0.19917192107431542,-0.26357297385136413,-0.127440253538984
23.78959464399998,0.8191508256916953,0.6177166567293311,1.146772758706748,-1.0996378102397666,-0.17989905573292556,-0.2616405888640866,-0.0876499857898426
23.86135768299998,0.9380263698281188,0.5989950072378429,1.292985255787711,-1.0196106036921304,-0.21438589639206118,-0.1998635310591117,-0.14290910486950023
23.94063281399998,0.8870183839194702,0.5470978419861272,1.2453506835316863,-0.9342921574153874,-0.2008465246111878,-0.1636960407223204,-0.13113273527935274
24.01544451099998,0.7808527064133616,0.5210400036165304,1.0866092618289074,-0.8698687495195216,-0.18257917647144614,-0.16086708882320516,-0.12038397480029844
24.083278172999982,0.4780023009284151,0.3670798581222844,0.6555112166632148,-0.710730636144013,-0.10620433231179367,-0.14423249421020512,-0.0627507624613515
24.15653681099998,0.20817828002142216,0.3037865468711331,0.32021068406681075,-0.6932475595509425,-0.051835588814605885,-0.18521818615973135,-0.018220584442477206
24.25131964099998,-0.08886843363477936,0.20672409673309755,0.01238638536375851,-0.6309086963177193,-0.0019312910208421435,-0.19712787847912694,0.009229184265797774
24.33919858399998,-0.4002387591381476,0.12093282291219344,-0.391381130088327,-0.6146047140938662,0.057246361403840165,-0.24732738953444197,0.05163594558675791
24.41351270199998,-0.6196678829299181,0.06267427890979077,-0.6471027390134193,-0.6102954855187376,0.09665098917232569,-0.28122627655650034,0.07921794879342069
24.48801326199998,-0.6688099893906797,0.049321292722689536,-0.7711639468275171,-0.613548847344081,0.11295369934997733,-0.2987754840601659,0.09088958463995858
24.56430339299998,-0.7751770737435156,0.017162193637863324,-0.9428236589002194,-0.6115325620207254,0.13686454232699016,-0.3199848556310212,0.11158529934168408
24.64159464299998,-0.8530473834613198,0.0006628200811572144,-1.0392569607880364,-0.6082181358451118,0.1483314209914308,-0.33034969039053924,0.10957691483972325
24.71993755799998,-0.9264039766097996,-0.032783930636469866,-1.097091373954481,-0.5873202524778228,0.16082231003170888,-0.32396380934121216,0.11853836489413666
24.79688047899998,-0.9281629936331619,-0.03709529231389972,-1.1035508056787382,-0.5813839554653065,0.16706746750838067,-0.3184624120634959,0.12560549706690444
24.87567114399998,-0.8237377864937213,-0.008769603935289236,-0.9576838606332206,-0.5519877439791925,0.1410426362995311,-0.28397705920324684,0.09555150593431613
24.93976449599998,-0.9670614587748145,-0.044600164537068644,-1.0637120274856204,-0.5256941507134139,0.1541997341371113,-0.2884146922499087,0.09329709268962263
25.00000285799998,-0.8980915669775666,-0.03806710396453638,-0.9363754038110441,-0.49666610964988017,0.1324533098391907,-0.2527256690221661,0.053717554914911654
25.06100821199998,-0.9229688723931646,-0.005197118042448566,-0.9174934234775657,-0.5153668560823192,0.11391486906842871,-0.2623527684105321,0.008339080609476066
25.121913429999978,-0.9283707527182795,0.00996905101210753,-0.8754406898314201,-0.5325405729613537,0.10256161605514674,-0.26386169981382956,0.013546451721679401
25.182168956999977,-0.8875163358590548,0.01865144685229294,-0.8067986282440422,-0.5209485831438616,0.05814560515536449,-0.24594935527130377,-0.0012600210738451237
25.241843696999975,-0.9448461568509857,-0.002998985345191281,-0.800541274431828,-0.4927111770075185,0.052803686458838046,-0.23286596856763406,0.012920757521916619
25.317575450999975,-0.9688451503134515,0.008633999280053345,-0.7413105664764876,-0.42413610641701993,-0.0758738673746776,-0.1797780510464265,-0.18623794793698642
25.395353313999976,-0.916441680385648,0.06040821299416434,-0.6766337930301861,-0.4076110421695462,-0.2087835412687277,-0.17862983543782332,-0.35680736718837475
25.464759345999976,-0.7679320539764966,0.08703155789955175,-0.5598500465373326,-0.44569656256487056,-0.16699244131787447,-0.1738827569521872,-0.312036923452977
25.528753991999977,-0.5619577148473697,0.15089075182824507,-0.39506243759676535,-0.4959006458235011,-0.1453734100894449,-0.17725588390917957,-0.34125119131955345
25.601392264999976,-0.3648236531641284,0.25143184103257454,-0.24027804848002504,-0.5737974471909643,-0.15849456611008098,-0.19822639062267394,-0.4350794182155531
25.682279105999978,-0.22420393454237547,0.36384510963602024,-0.10288385159226075,-0.6610703576870256,-0.19780079698704062,-0.23101849059898574,-0.5394320674597454
25.75913500399998,-0.17284706509779818,0.3716454787358015,-0.028587793286544216,-0.6582705369394181,-0.19414323007930065,-0.21825665641091313,-0.5495357249652222
25.82290052999998,-0.1343404193825346,0.36898261751612654,0.005207791972492883,-0.6819065500150608,-0.15729334317079138,-0.2242002986681549,-0.47004601680439567
25.88899325899998,-0.1268173769487119,0.3582599528423852,-0.03288026652092226,-0.739100957743251,-0.09299073342516176,-0.2718331432120898,-0.29935317595697175
25.964169020999982,-0.0838559972495327,0.3671295997744168,-0.0018587797187758132,-0.7753221598796892,-0.07229293066979468,-0.2729049546846113,-0.2269054449582454
26.04865240599998,-0.0006713104725326416,0.4183998828997438,0.07173616337170231,-0.8564668433921805,-0.06399197000435605,-0.2969720478620635,-0.1657267541756282
26.119578117999982,0.10088889907158283,0.47486309128759563,0.1959355366052914,-0.9026655613156613,-0.07314828436820887,-0.30529944831091854,-0.13182664475086303
26.18631648499998,0.2098056795911884,0.5900056793321904,0.33552638244998206,-0.99314333105249,-0.10733054757437396,-0.33903897678551725,-0.16018785653269432
26.257143015999983,0.3493911541681187,0.6145143142857584,0.5064262870737906,-0.9990174538735906,-0.13364085173225398,-0.3200035266303545,-0.16915253345846268
26.32274579599998,0.3960331034872929,0.5902688815119961,0.5650982206970703,-1.0120342584395263,-0.11730480135764447,-0.310487508144237,-0.11627238719845163
26.38880896199998,0.39198077614142157,0.6015550142836272,0.5970088019699424,-1.0040011805607119,-0.11842201061879584,-0.3019381149184639,-0.15170194735936438
26.45420288699998,0.428672333464979,0.5483205604563763,0.5957960217952388,-0.9556907377643316,-0.10010697018117215,-0.2767094674510133,-0.06139063952656514
26.52218079299998,0.44003815316506345,0.5081407883693339,0.6139205501644354,-0.9159769424951527,-0.08167087401530612,-0.25242129913445277,-0.039209560509683467
26.59142040899998,0.4194798658772082,0.4484426792324427,0.6064688776750812,-0.8538848467376732,-0.06279011611745126,-0.21792774683050614,-0.016493788312503387
26.66045021699998,0.45824966755468755,0.4115587547143127,0.6258954426860462,-0.8578366069985143,-0.02135728862151128,-0.21391248733566942,0.10910988908489175
26.72977208699998,0.39047846489636157,0.31178648970624795,0.57590667500038,-0.812679120431165,0.03821412825613703,-0.18821389692545454,0.23382147057855407
26.80574798199998,0.5133903436914408,0.2231515423670389,0.6721579188905737,-0.7933736229030688,0.08012789126402546,-0.15750408082518266,0.42089315908049896
26.892751927999978,0.5178290520968423,0.16113183256179497,0.7046606159389727,-0.7656731509160927,0.0986451748210233,-0.13310315402309691,0.49066236239535743
26.977047676999977,0.5790565637566663,0.16274891652143428,0.7564558250914141,-0.7530281924948672,0.07849438929423953,-0.11296511915751858,0.46745042708164547
27.04632877899998,0.5951087222273038,-0.0011109555455047285,0.8426922481077087,-0.5571077907471915,0.08078912004751435,0.05527205962429107,0.4904354186422089
27.12886452299998,0.6448850202184352,-0.1521573410818283,0.9673546388033484,-0.31791201130601,0.05121416795150822,0.22224694699303163,0.429747568015679
27.21507763499998,0.6476623694320753,-0.29966399441521485,1.0669827394028668,-0.05287520362022545,0.011069213755240302,0.37358941419726693,0.32806657744885975
27.28305577899998,0.68946906417509,-0.3891807069673214,1.1533572915808732,0.10391167669363363,-0.0071500659345691215,0.4123917153789179,0.3058649519128007
27.34944200199998,0.6942998604610454,-0.4041186389587544,1.189038513644709,0.21643742363485327,-0.057743811730327714,0.43318767050308665,0.18943994427185565
27.414852854999978,0.6322496302709626,-0.4769902699362389,1.1364540825756788,0.31801627959999185,-0.04518576713880271,0.4670614443844566,0.2161752963941395
27.49076723799998,0.6096409540057907,-0.5456705638849542,1.18947498524376,0.4890065983502895,-0.09184363851659688,0.553824701209731,0.09622470842736472
27.57665228599998,0.5299406774056551,-0.6098265731576427,1.131685279708005,0.593079978309669,-0.08120650117169734,0.5736084976877461,0.12014376739192444
27.66786598899998,0.5931368813138933,-0.5954303806378499,1.2968525960573511,0.6735905432346123,-0.16555168248825167,0.625517439539955,-0.06542267095017129
27.741049048999983,0.6398251204703091,-0.6534326495782388,1.4159327748853505,0.8000029338531792,-0.21110147580629335,0.6961521304902689,-0.15018876161562902
27.826878782999984,0.6981611197403824,-0.7320654231288285,1.5474423695380335,0.9352025716905642,-0.24083648055304613,0.778709888324599,-0.17646756872497832
27.901661392999983,0.6686268300952598,-0.8109038941780691,1.5605113534163395,1.0780889884885938,-0.24851418770228076,0.8428716499455852,-0.1870902154471964
27.974927422999983,0.6293860431858793,-0.8632151695946289,1.5326196249879884,1.1669678213902648,-0.24529419583181514,0.8770802160743167,-0.18561147519773377
28.050670859999983,0.688699849145875,-0.89825713661291,1.6432056707574918,1.1574307920817741,-0.2605885705235379,0.8860026634050752,-0.19410925797287618
28.124054429999983,0.5857413502409892,-1.1149961035681768,1.5501752020244597,1.3105102264734902,-0.20681270140020602,0.968134069452119,-0.13598436658482627
28.209337708999982,0.5551430769982632,-1.1688423176311944,1.4970481926167911,1.2648432919185937,-0.17468551069992097,0.9381906811456573,-0.09425501312103816
28.275851484999983,0.5255261112351406,-1.1824988881483258,1.3717582476756072,1.207122942215736,-0.13685818357036617,0.9006376277956641,-0.045151642860427776
28.362970348999983,0.5368262030562354,-1.2596372220163414,1.4001874041624336,1.1612267118227202,-0.11262202079470829,0.9037832836812518,-0.009791631626675163
28.435140129999983,0.5753958758447308,-1.337018418283729,1.4348965976612693,1.139875574187756,-0.09903061013009705,0.9356891752531551,0.016329046284336225
28.506969925999982,0.5195965314218598,-1.372817189997673,1.3097630147115593,1.1067223417248278,-0.04113911038434429,0.9322743561681486,0.07955997802117379
28.57688140599998,0.4699725385525104,-1.289100286610936,1.1772374017279006,0.9532762115115392,-0.0072073082958153435,0.7761200636324458,0.1245591520312924
28.65242504799998,0.44576079259324086,-1.1753060399844917,1.0362380180890698,0.8135429099753565,0.00682382988491314,0.6788182891505185,0.1520265263483919
28.72520160399998,0.46830003050517893,-1.062094327458128,1.0103986193140029,0.6961488501601045,-0.0007457426945873982,0.5956520903574163,0.13864669622512613
28.801619526999982,0.4582955682722943,-0.9643946250636294,0.9608613285184737,0.6378604985289563,-0.016408488982140514,0.5378481123619242,0.1250980409154156
28.882678028999983,0.39513526490066375,-0.8542623262489961,0.8228660323498609,0.5697039503948655,-0.014564610550696775,0.4634408742778537,0.1012145491880642
28.958488460999984,0.2896056120673109,-0.8040918754175129,0.7261572095126926,0.5576136154403867,-0.0012231004837291513,0.4249987186133512,0.108626097482823
29.024414058999984,0.19001860468982548,-0.7263305633118393,0.6441962210041507,0.49342632875343184,0.007096523407358438,0.3595466819245638,0.12494977982180154
29.085334535999984,0.20924765783393073,-0.7064982680859972,0.6639254771367423,0.4766009415210045,-0.019905975071085286,0.3271271992496904,0.07537990710388612
29.146871801999982,0.1919770442304343,-0.6695015600441484,0.6000036792761538,0.409005703393414,0.013368139389461004,0.2561337673704159,0.10873085304966518
29.225492235999983,0.30597786600687993,-0.6623928375277212,0.6802503422325279,0.40260119752258566,-0.0402045998847487,0.28182049986942675,0.07191479771757993
29.30228733699998,0.3934432092026288,-0.7071709652794724,0.7698407202995267,0.4867729547847371,-0.06682084048814604,0.3467841927712485,-0.030395438386440557
29.379895683999983,0.42287867630813264,-0.6230126305701649,0.7925260879788701,0.42169704722360063,-0.09689141918492918,0.2667235253104421,-0.07348971062235267
29.460674758999982,0.3948953042832085,-0.6182973186898616,0.7586422679177616,0.3733434686665181,-0.08403950791607455,0.19091808580827457,-0.051782271228065405
29.542300220999984,0.40863298540433335,-0.6186798124370132,0.7621800560184503,0.3939760284254494,-0.0939292622035998,0.21446986470995472,-0.07854822234081998
29.625581737999983,0.4777499016559205,-0.6122478239575925,0.8221177646834519,0.4195271910603645,-0.13388232966552854,0.235571231773965,-0.20526603847974625
29.694317098999985,0.44771547531477784,-0.6382621647598926,0.7538961747384705,0.45863697313413143,-0.11558474383323646,0.2721217676401865,-0.21676173183117797
29.764136787999984,0.43920090136063245,-0.7056574780264061,0.7580935800068861,0.47402787232034677,-0.09030951990589986,0.26412962171402726,-0.14387065132018767
29.839714046999983,0.517672146099523,-0.6713199617097558,0.825142309546377,0.4744795783482486,-0.1382741221404429,0.2692371537733547,-0.2683002190685134
29.911113258999983,0.45509681264654855,-0.7314855115031975,0.7470095774680958,0.4787945347629249,-0.08801158188179083,0.25804173884842263,-0.18560757788473622
29.980761524999984,0.41136941803199867,-0.6848250761706903,0.679539810123245,0.39695622151953985,-0.06751153711935476,0.210684715159182,-0.13562914993545055
30.046868558999986,0.4768690627122287,-0.6135314751182617,0.7257819735516571,0.37886713662399174,-0.12360074161294357,0.19400892938849187,-0.29243099249698284
30.113770242999987,0.42937465551480636,-0.6179444909231933,0.6672495849350243,0.3795885224031109,-0.09706771790791065,0.1780851173960801,-0.21955005354475676
30.182665582999988,0.366759006671335,-0.6765646126606254,0.5696741495682023,0.46575441202532913,-0.05630248391245473,0.23663693926761606,-0.16859770607381078
30.255536790999987,0.36064545180787083,-0.6093697593183803,0.5573475869635082,0.4094332294399174,-0.07101798736672377,0.19201068589770867,-0.17118487375767574
30.326704975999988,0.4026491815345066,-0.5505112271060588,0.5668255610069743,0.41762950148925715,-0.11510532795881936,0.2013837430121269,-0.3256340643706358
30.396505829999988,0.3660097662350446,-0.5110241068740065,0.4869962192360514,0.4257643673465402,-0.11884110573285699,0.17911439168534107,-0.3879236481180606
30.46566772199999,0.3859918552138634,-0.5145290229945236,0.48935063697913617,0.4878781237558267,-0.1330840141194723,0.26055493615266956,-0.42694199971840396
30.53409194699999,0.36830182758690405,-0.5879222642308854,0.4913170989776507,0.5023826651248259,-0.09645831578220916,0.2807010503544006,-0.31333660830006926
30.61779021999999,0.34721418260925374,-0.6014486147856681,0.4732610265117317,0.4602015234112601,-0.07702171856941106,0.24488062828235252,-0.2792974932655634
30.69964360899999,0.40335286929058184,-0.6365495543375442,0.5006834933883869,0.5148363835760013,-0.09432152504632008,0.30897032831823595,-0.36816105674663047
30.762579676999987,0.31885532012821405,-0.6419817762672237,0.43163957374018774,0.5024483928253818,-0.05399302072068554,0.2937522089287942,-0.20440018640585234
30.835613247999987,0.26885012446017814,-0.6112821571972663,0.36552766728616537,0.48083627370781246,-0.04293916116814222,0.2595829000010531,-0.174910510504562
30.914441582999988,0.15025643440717903,-0.5356845925255094,0.24062927685840368,0.35718402717852554,-0.00801881314294258,0.1378520933876841,-0.09814715399217185
30.99152564799999,0.04243975276611013,-0.4816206537954886,0.10657126522689597,0.21802669606237135,0.03521573053420907,0.026503370690746566,-0.03388417440355873
31.06587505099999,0.005577026479968486,-0.5319965423086119,0.03643005139936283,0.2968088162161693,0.060228210749265675,0.10825154588851675,-0.017167857460312123
31.14252328599999,0.05497251881016283,-0.6247384354113407,0.08824667161019038,0.46169644345404565,0.048873209606521736,0.2470069094812701,-0.02487563315849978
31.21702336999999,0.017820261068065814,-0.6185297624137471,0.04147880763738438,0.4507220770341938,0.05947168796075849,0.23516136975195553,-0.01825055809051971
31.29142093399999,0.012279547145957964,-0.7608615439755588,0.008780795798438034,0.7525812776895007,0.07665004976574939,0.4038348755737345,-0.0019961031315043347
31.36867451399999,0.004250350432411485,-0.9053481342884083,-0.002394462882236037,0.9940666972225527,0.09673022397097825,0.5223771106699043,-0.001541001709645
31.44341659299999,-0.013936595051159753,-1.0410333211237228,-0.02158317852427978,1.13760183512433,0.11145320561035864,0.5978192495598112,0.014473545364765741
31.518172261999993,-0.04524934954688378,-1.1037296680487456,-0.09613966068000221,1.2195388026096068,0.13521759734888533,0.6416815206868443,0.02999876660522089
31.589356181999992,-0.13417379869766227,-1.197765322267696,-0.20433812192623924,1.3627952559671275,0.17714902690332893,0.6990607624146982,0.059547693738470235
31.655610320999994,-0.11081576521464474,-1.223642800623398,-0.20482824846829478,1.394050327110589,0.1722663004143889,0.7135688333187113,0.05940514018938801
31.736666200999995,-0.20042822921271666,-1.1980357044142658,-0.28142319194774745,1.33272695937689,0.20255835346832549,0.6724162245977287,0.07895986210708308
31.810099361999995,-0.27682219740904174,-1.178453008855107,-0.3933452690027134,1.2757096146161393,0.23872897845010355,0.6311794644763007,0.10853862283225608
31.872496841999997,-0.4721449312918079,-1.171621680624006,-0.6024258594032682,1.2193974591962413,0.3214968746576728,0.5844428151353112,0.17300096457972927
31.937119958999997,-0.5197025860449663,-1.210881961466594,-0.6531174540570457,1.2609916917858752,0.34300069339131256,0.6037112408396115,0.19128322318402458
32.005412576999994,-0.6108044474791506,-1.178517271811843,-0.6969883611799745,1.1947858428405647,0.3680609379986847,0.5591642437273686,0.21193442989337766
32.075309037,-0.7154682190137447,-1.2109476753648654,-0.760917232931666,1.2332426164496935,0.4037399579644531,0.5713567840742223,0.23751775103944503
32.14471983799999,-0.6694875469188539,-1.2683182400921014,-0.7141119930521983,1.3235393170135497,0.383526061356087,0.6217402676989325,0.21916915328161093
32.210202931999994,-0.6730469494758953,-1.3167315620789568,-0.6900793360887928,1.4019869400526759,0.37848786357954894,0.6613070263383216,0.21396660526339453
32.28292083699999,-0.6370508964373379,-1.301211363140437,-0.6900736882002281,1.3866481108707018,0.36920438755269214,0.6495199640959137,0.19854710576617732
32.362212418999995,-0.6922419150952948,-1.2710231118770619,-0.7326814340250422,1.3240858866086687,0.3883051636189581,0.6112239996669541,0.22148469200740378
32.430916069999995,-0.6933452213875388,-1.2426058615479467,-0.7528405076417816,1.2709310488720567,0.39182307147770523,0.5817195335397513,0.2219980661107713
32.51074456999999,-0.7621093333746314,-1.2185664553131768,-0.8322805624953775,1.2155327511261176,0.4236528661694051,0.5465916382933583,0.24596989512732892
32.589442012999996,-0.8178779689515979,-1.1796526365636153,-0.9243875962501019,1.1322121902977766,0.4568643351795763,0.49688278186807006,0.27101848601340583
32.66119909099999,-0.8511399787814428,-1.090868561486575,-0.9381694397383923,0.9810062109498436,0.46319301865535817,0.4126895821477913,0.2714479322783506
32.73389839899999,-0.9602451717353115,-1.0793552417212384,-1.0142477334592113,0.9437452894527796,0.5010220291826984,0.38675792425323297,0.28994383633311943
32.80596542099999,-0.9838171699481889,-1.0563482312322747,-1.0799156149131885,0.894342125316273,0.5092630086946186,0.3575177629971822,0.20835330387752882
32.87288450899999,-0.867577736918578,-0.9971268911695063,-0.9739829540336078,0.8210428203079551,0.431312087322396,0.31791996491067237,0.018653331909606656
32.94595002899999,-1.0041823771263494,-0.9696202834706192,-1.0630492368476736,0.7485870635177851,0.4864169296372695,0.27453837321090047,0.10107852790148715
33.021232363999985,-1.0073382372675161,-0.9875246879124773,-1.111340279636055,0.7436557987621266,0.4987118041720473,0.2842978996744307,0.11683038075866106
33.09882449899999,-0.9815170628631478,-1.0186622987753375,-1.0808200372068073,0.7710362338312683,0.4845877728328221,0.2987066078971669,0.1793572136495578
33.17301606999999,-1.0633902530988404,-1.0533228032973352,-1.0974081299380383,0.7954256508843852,0.5125938134981752,0.32247992783741297,0.2739242255786938
33.26440691799999,-1.0315339831078896,-1.1374890568138416,-1.1002826621096617,0.8829526399228008,0.5081902044583037,0.425181518103951,0.2830837847077378
33.34405183599999,-0.891156978656643,-1.289835231094162,-1.0094330742638762,1.055900702012127,0.4574751692970188,0.6290727609771513,0.2358499252554137
33.42292189399999,-0.8536892163987034,-1.3046533634419257,-0.9108578680352447,1.0770927234577552,0.41385589393057926,0.6532892321473528,0.1988118910893479
33.50756144299999,-0.8287247082591791,-1.140242471247613,-0.8681231748176717,0.8818096651035848,0.3715808501388206,0.4455428510164528,0.1664794836312074
33.583749530999995,-0.762019533157626,-1.030712837887364,-0.7810588780069381,0.7393953347896538,0.3146337636629813,0.3251704613000946,0.11459179055198997
33.65562248,-0.6750034362445627,-1.044676985745367,-0.6826708929141714,0.739548406960274,0.26272753721074005,0.3709848376763883,0.04562037632748301
33.733577011,-0.5896214251955826,-1.1215200723982166,-0.6136690357317172,0.8224729952587517,0.2317185513159273,0.4995201143215269,0.04120670378628388
33.806165932,-0.4695276472357646,-1.1033558498380873,-0.4499920255719652,0.8243328499162192,0.14077456009237888,0.5253566480790494,-0.087162251233466
33.882782934,-0.40939098651913175,-1.0266372955258556,-0.3643453243634263,0.781890965725371,0.08350793569975187,0.4417279929569656,-0.1908761119589238
33.959151504,-0.4513419787521942,-0.9542623781196847,-0.3961181984965404,0.728996380743653,0.09797869987713548,0.39437413451590314,-0.14806388603886123
34.030867574,-0.4636153719835197,-1.035180576055647,-0.40645228853157267,0.8620091890073321,0.11720756397173619,0.5585921285327395,-0.08760135279492351
34.101820705,-0.46359721154223127,-0.9469557584972303,-0.3985891473861322,0.8260644607036697,0.1023033428933232,0.5309407921505456,-0.08939463648765657
34.16710615,-0.45937454761199153,-1.0081643713651052,-0.3859980107586144,0.9263560756001127,0.10931625351399528,0.6577654486852753,-0.07926618885580955
34.235681532,-0.45842518140729716,-0.9633197662209776,-0.3735562486091129,0.9188787367495966,0.10026266524541355,0.6808330594998485,-0.07883196694823348
34.305077313,-0.4424467117253899,-1.0193244026967918,-0.3533313520731166,0.9994816881180681,0.098893616542511,0.7599245035965385,-0.08012976430995845
34.370290755,-0.4451214452830557,-0.9886688104420793,-0.3464041989956274,0.9853694021787612,0.09553462004640781,0.744055552305295,-0.08195890513421633
34.435220478,-0.4491555079988953,-0.9200174874273843,-0.3427204306124612,0.938082270679565,0.08780080799975018,0.6983136426032196,-0.08851143678302466
34.501779076999995,-0.4419408399774725,-0.9635559599790471,-0.32699329641513375,0.9960431660440903,0.08450032676601227,0.738901247127174,-0.0859117800406164
34.565574166999994,-0.46360630403961267,-0.816574864909685,-0.3430032989060353,0.8452376173771489,0.07700943290553879,0.5639948768728498,-0.08864580954066789
34.63663959299999,-0.44737622882657024,-0.9643629616633227,-0.3219933102167575,1.0076552437457924,0.0817133819711813,0.7023297644777866,-0.07820990377104332
34.71235465799999,-0.46538363910493286,-0.8977339367306524,-0.3302206572617217,0.9236593657434408,0.07744487982029308,0.5804460209401937,-0.06796304925736416
34.78558301799999,-0.46704501227459505,-0.9003771041543609,-0.32884126640989947,0.9276254951980134,0.07608038836218527,0.5630671471377994,-0.0656295285181904
34.85997247599999,-0.478218356256138,-0.83487961659114,-0.33212086383300604,0.8603355526825116,0.0704141012632767,0.47658020558906966,-0.06493622321659678
34.92745637799999,-0.49684424152631695,-0.7160881823335268,-0.3499271143418767,0.7796520388308094,0.06923996197420199,0.35530348166156567,-0.07087446510136963
34.997306106999986,-0.48929248702312317,-0.7399070246496555,-0.3377871516129435,0.8158209176074256,0.06589213373676635,0.36516900348865416,-0.07437165472589333
35.07722759099999,-0.5027415429155462,-0.6712622798234821,-0.347412116402231,0.7232171080422882,0.0651297143639075,0.27437046421226563,-0.06996647168214276
35.15079641199999,-0.4891668526821339,-0.6695052830526799,-0.32478789565814165,0.6702566359003017,0.054458890277197636,0.2400021510882544,-0.07110513898326526
35.22992086199999,-0.45253531246043815,-0.7130644936412901,-0.2793251811109716,0.6922660359698214,0.03804010777450251,0.2653621333935873,-0.08492237153519898
35.309302566999996,-0.4882760327203184,-0.7560154933628569,-0.3058308219253661,0.7249024000778919,0.06113557574274496,0.2805551783118328,-0.047682100818932364
35.37439298499999,-0.48213667456671494,-0.8079404452195993,-0.31971114789425,0.7462650647210372,0.061609668437069456,0.2917237748856625,-0.04672249661163822
35.44368362299999,-0.5020879334311947,-0.8506486582810205,-0.3345031992265354,0.7848168141170003,0.07400904328059157,0.3247305078987306,-0.03266641069541127
35.51967048499999,-0.5064368040391158,-0.8398746779416989,-0.33801692910909586,0.7733186505597499,0.07327016107934264,0.3078286841022076,-0.03394292730046373
35.59469938099999,-0.5074141060148517,-0.8886382304563548,-0.337102207151534,0.8434972050272468,0.07743963586000724,0.3513065065461904,-0.031957063299899384
35.66758584799999,-0.5141118389280451,-0.8554230776134414,-0.3461849423680353,0.8035933867854212,0.07826861284758029,0.30729794934386045,-0.03056910574575686
35.73179173299999,-0.5159700461430915,-0.8459192129788367,-0.346601515071892,0.792275874515716,0.07932997097534362,0.2957976751087922,-0.03162928582027996
35.80418586599999,-0.5129932508876932,-0.8590962411444207,-0.3415826217569013,0.8064211586098252,0.0787350883544355,0.31365697749064053,-0.03322602005268966
35.88047885699999,-0.5066863020385353,-0.8561804213721146,-0.3381176767273284,0.8023781749406849,0.07559016891908027,0.3079529103523098,-0.03918540144637858
35.95426273099999,-0.5078518358237081,-0.8699285531730266,-0.3368380888974591,0.8171446759991511,0.07766638205739354,0.32692633382756336,-0.03640615286146708
36.03077530699999,-0.507251933405232,-0.8671283055408725,-0.33643296833094355,0.8138138270310606,0.07726952000584553,0.3227954922869021,-0.038061361602725725
36.107324121999994,-0.5088548581834572,-0.8680277120409253,-0.33853180263699484,0.8151412963283737,0.0791660941677346,0.32417523394171205,-0.03810843454121213
36.17160129399999,-0.5103847952630903,-0.8903148175518532,-0.3413854786522418,0.8395442587340421,0.08332896739865586,0.3523688438223635,-0.032099072804189284
36.23322248299999,-0.5093294852657644,-0.8873556872506931,-0.339948966455194,0.8345472799948437,0.08205908018232454,0.346719824173524,-0.0325452013353407
36.29972171699999,-0.504295147961237,-0.9002842770340974,-0.33330545313293025,0.8515742483126063,0.08047564114374314,0.36734453616005514,-0.038261059067366154
36.37579369399999,-0.5046143551455392,-0.9015472219379332,-0.33323220630456796,0.8524979049325181,0.08094163877957762,0.36936366541604965,-0.03779776881108158
36.438135383999985,-0.508294496933222,-0.8989626858954234,-0.33583968386664337,0.8493056895015215,0.0822788831067345,0.3640210406884765,-0.03564654057497993
36.51399445299999,-0.5042199522114038,-0.8982490881490068,-0.33214225566454647,0.8492029778248834,0.07992500956327468,0.3652653060658337,-0.03984319593589809
36.599233148999986,-0.5038322058676752,-0.9036422157423933,-0.33381956188663703,0.8551496372427785,0.08210977669520751,0.3708301095845517,-0.03607269164995196
36.678835867999986,-0.5044556328620206,-0.9023590707428677,-0.33304294832032355,0.8524854591987187,0.08126104994747772,0.3703100446419451,-0.03637946254241903
36.75283169699998,-0.5043892503586969,-0.901885183741762,-0.33394701999194676,0.8529513568764342,0.08130457504995174,0.36925256405991536,-0.03776299574848105
36.82677817299999,-0.508776343578714,-0.9030706635915836,-0.34447438134401015,0.8533980604604117,0.08515601776999629,0.3680782497035548,-0.03072974430862559
36.90301108299999,-0.5083855720529095,-0.9025895135007846,-0.3365590240624794,0.8535169804728896,0.08249056032461398,0.3696043992429484,-0.034440926427191196
36.98089718699999,-0.4475100523887198,-0.901348999326678,-0.26377709539630817,0.8472055847865362,0.04925443725255398,0.3741386457959208,-0.06977973498639121
37.061530588999986,-0.13069206026646127,-0.9248721970380863,0.05991985544320732,0.8437895456674018,-0.11156054262200803,0.41418749993500603,-0.22737996448404618
37.141907213999986,0.14854628963757738,-0.939778241972628,0.4138794357401525,0.817629244293654,-0.26080234256962836,0.4479354244048382,-0.3809142968324709
37.216982362999985,0.254328199321402,-0.9587364268306359,0.5846155467366169,0.8243846701252493,-0.317250339604764,0.47444176832304846,-0.4355128879724606
37.288401839999985,0.14401455429929264,-0.9385731332740417,0.500645212081798,0.8377162547453261,-0.25754825250028507,0.4620597987527318,-0.37852575279088896
37.35146546099998,0.020879409297798156,-0.9257782175663283,0.3859094590291831,0.8537502962524021,-0.1861639317602344,0.45155589823953,-0.3020800485357321
37.416160818999984,-0.11426890367349081,-0.9092133816324647,0.2544169225187207,0.8692773249283514,-0.1164160755943734,0.4375144281341094,-0.23716321366725082
37.490681645999985,-0.1984481691233435,-0.9026722570372353,0.12982853566572758,0.8838858359280607,-0.06043385180034812,0.4302461900469036,-0.17796597420336263
37.57060193799998,-0.302881972174393,-0.8862904992925207,-0.05715128130205501,0.8837036440386165,0.011968150104649578,0.410478076290305,-0.10062408334355953
37.64717745599998,-0.36809834523011004,-0.8843800641236008,-0.1647314993903371,0.8910104042979833,0.06269660558901051,0.4043994789066303,-0.053360603236116806
37.72440051899998,-0.3724065625935828,-0.8821225660742753,-0.16528072738390345,0.8866702855290821,0.055972425200019896,0.40147087731901954,-0.05358786158061159
37.798471925999976,-0.3590040890187462,-0.8821003340425226,-0.15830694383719648,0.886769767061799,0.0515317513935469,0.40198141498015977,-0.05734550944663157
37.87153815999998,-0.36290713423300086,-0.8805151879657617,-0.16099363550394796,0.8845449109515914,0.05193919294933141,0.3979529365087109,-0.05734300946832002
37.96148919899998,-0.3635476790592997,-0.8775185688644752,-0.1608866352666376,0.8815921815908854,0.051783845082030815,0.3959522631423371,-0.05661382139173245
38.03975915799998,-0.3596015985691276,-0.8821992324311659,-0.15774130974787967,0.8862890301933681,0.049895092612198017,0.4008445574820767,-0.05868430388505699
38.12700271499998,-0.3626123134510578,-0.8830060463565299,-0.162375395889516,0.8871902743867277,0.0533882881149685,0.40151598395191845,-0.056124147677027614
38.21220850799998,-0.36163220074631447,-0.8753225953151356,-0.15750988007237832,0.8800437509970206,0.04937128321960237,0.39462120167728365,-0.06121147972092622
38.29452800599998,-0.3616960823650886,-0.8804295599341989,-0.15888899439429346,0.8845072097741271,0.05202502184546242,0.40067878624862313,-0.05973812698718786
38.378574131999976,-0.3628738332229153,-0.87485688464461,-0.15975168591261005,0.8778328012476888,0.052256011429341276,0.3940041690779044,-0.0589241885997276
38.463675259999974,-0.3605110609992766,-0.8720040465629038,-0.15832204974372885,0.8745879970304313,0.05052076536160527,0.38863641572945384,-0.060795041035504815
38.536074399999976,-0.36650518709771324,-0.8623108315193903,-0.16427164869613564,0.8603298817760195,0.0521721585984887,0.3725261509173659,-0.055980130346675344
38.615289925999974,-0.36439037815074204,-0.8637897214738467,-0.16155909895320714,0.8618683235826217,0.052712111188886794,0.37539060343253156,-0.056748062810767295
38.69557046799997,-0.3620031428924527,-0.8806409091495272,-0.16070237733854303,0.8822459794200023,0.05292113361696557,0.39905455036452603,-0.056202116365412655
38.78604435799997,-0.3641949153368336,-0.8665232595534533,-0.16336749975258696,0.8663729021534331,0.05252517995198693,0.379900003257627,-0.05765978603935614
38.87797426999997,-0.3669954946999091,-0.8779591295417736,-0.1645945594155172,0.8782631389565813,0.055383571297391666,0.3936291320817264,-0.05265653730196895
38.96546983599997,-0.36313034584471904,-0.8704145482417163,-0.16247386437530856,0.8694005848832697,0.05131016581818619,0.383860435991282,-0.057843146949490505
39.05331373099997,-0.36283993067729736,-0.8801338553508367,-0.16051279910379193,0.8825377093864161,0.05252326663293269,0.39940469271694107,-0.05670291967250234
39.123424767999964,-0.36059308948890895,-0.8834477266945703,-0.15857825437679926,0.8847189798666485,0.051607180056153536,0.40170260827430015,-0.060085906540893984
39.20619130099996,-0.35861469215002223,-0.8851235456733793,-0.15714478283761174,0.8872998551135615,0.05141560654040936,0.4036159816054511,-0.060915653503956835
39.27969813299996,-0.36258779959754883,-0.8844896141518253,-0.16218143669906945,0.8854213461554837,0.05431344994671175,0.4023445385387614,-0.055871321756696
39.352863310999965,-0.3579688784338817,-0.88252214307379,-0.15795490183877406,0.8841710437407859,0.051977838594314714,0.40180429475944296,-0.05797782152666616
39.42604780099997,-0.36382724525624777,-0.8823904481266984,-0.16191129882534427,0.8838382097285824,0.054074046631429624,0.4005825711348577,-0.05893156998018941
