Joint 1,Joint 2,Joint 3,Joint 4,Joint 5,Joint 6,Joint 7
-0.00996173660012265,-0.07917732340047962,-0.026133595789159393,0.27332198449124934,-0.4157027290283154,-2.854052912761178,-0.1772489390614435
0.009679471877090375,-0.2823453107018447,-0.0004326601887039963,0.2598938028196055,0.011309272988985885,0.24317167692144387,-0.00027470016657629704
0.05961475151425121,-0.1421063914097053,0.053250428929064904,0.17373439634034032,0.023166904577874323,0.16719100329397193,0.0201844827441084
-0.10258996197073168,-0.2004985316298159,-0.1287188551465725,0.15637231667995996,-0.018945391073703716,0.18408478053977703,0.0063646303217335855
0.032904553334818974,-0.1406920302294077,0.05395237450054994,0.14217129950346893,0.0024533610778380605,0.17139079639111773,-0.00653956265529898
0.032904553334280585,-0.14069203023166832,0.05395237449973347,0.14217129950558752,0.0024533610784722424,0.17139079639164997,-0.006539562655610065
0.10559186211418116,-0.27928312259926635,0.10261760129087209,0.2794463707690033,0.027048740384821638,0.23928187947071158,-0.000822676416239509
-0.05317529879306241,-0.22663100804201156,-0.04063931378747782,0.19142336502618468,-0.02643148466340102,0.2136434194225733,-0.022272197327961214
0.06496324948243426,-0.2224388548029366,0.06333877560261753,0.2468586291598645,0.019400782431760397,0.20940153553219695,0.004470635370099762
0.10559186211680863,-0.27928312260019084,0.10261760129081146,0.2794463707721996,0.027048740385782706,0.23928187946847843,-0.000822676418559506
0.1055918621175087,-0.27928312260128757,0.10261760129097346,0.2794463707741163,0.027048740385497157,0.23928187946797827,-0.0008226764197668042
-0.04911168649251813,-0.19564532002235085,-0.026671853010074905,0.17231239609094098,-0.032129761813386046,0.18880861878993793,-0.023186545856947852
0.059614751516205884,-0.14210639141564627,0.05325042892088728,0.17373439635220295,0.02316690458999184,0.1671910032943684,0.020184482750005322
0.009679471870598456,-0.2823453107082412,-0.00043266021463808635,0.259893802828583,0.011309272994292834,0.243171676923536,-0.00027470016994864805
0.0458620869284497,-0.18382969877187458,0.04720029147307322,0.24677627585895098,0.018531863519673345,0.2074833207769973,0.010207526338947885
-0.10258996197651915,-0.20049853161870335,-0.12871885516695114,0.15637231666407542,-0.01894539106433717,0.1840847805462707,0.006364630324132599
0.0649632494854585,-0.22243885480419487,0.06333877559334185,0.24685862916432,0.01940078244298659,0.20940153552949167,0.004470635375590022
0.05961475151781957,-0.14210639141911574,0.0532504289174828,0.17373439635837432,0.02316690459604221,0.16719100329479294,0.02018448275263524
0.0329045533270069,-0.14069203024008195,0.05395237449173707,0.1421712995160691,0.002453361080831353,0.17139079639157578,-0.0065395626602885665
0.06496324948571967,-0.22243885480531866,0.06333877558935969,0.24685862916686965,0.019400782446406764,0.2094015355293156,0.004470635377384734
0.009679471867062264,-0.2823453107116152,-0.0004326602287975811,0.2598938028336101,0.011309272997490424,0.24317167692459282,-0.0002747001717016643
0.03290455332719102,-0.1406920302423604,0.0539523744923031,0.1421712995184787,0.002453361080769184,0.17139079639168076,-0.00653956266228593
0.10559186212754913,-0.279283122610246,0.10261760129240759,0.2794463707928851,0.027048740386671464,0.23928187946341112,-0.0008226764309909027
-0.035902935224180615,-0.08764855871881445,-0.009576233631969975,0.07125314689298909,-0.029891939505231585,0.14085042964168648,-0.01697006553992459
-0.04911168650466917,-0.1956453200066606,-0.026671853038686168,0.1723123960671862,-0.03212976180285256,0.1888086187830272,-0.023186545849820883
-0.035902935226887,-0.08764855871645975,-0.009576233635523675,0.07125314688926128,-0.029891939503768547,0.14085042964038208,-0.01697006553862728
0.032904553324972344,-0.14069203024483926,0.053952374490307355,0.1421712995213771,0.0024533610807876928,0.17139079639127916,-0.006539562664544305
0.059614751520087765,-0.14210639142642115,0.053250428910872144,0.17373439637054505,0.023166904606881786,0.16719100329689648,0.020184482758242507
0.03290455332450527,-0.14069203024618798,0.05395237448988632,0.14217129952303148,0.002453361080975907,0.1713907963918417,-0.006539562665145572
-0.11692237721396909,-0.1947382772619615,-0.15444878381071975,0.1476962234295808,-0.015459109622752095,0.1812984489981555,0.018536788944439737
-0.11692237721483276,-0.19473827726137607,-0.15444878381305105,0.14769622342854585,-0.015459109622248689,0.18129844899915742,0.01853678894443422
-0.11692237721595453,-0.19473827726158957,-0.15444878381536067,0.14769622342791727,-0.015459109621770042,0.18129844900017283,0.01853678894468057
0.03290455332140122,-0.140692030247237,0.053952374486225974,0.1421712995248778,0.00245336108192816,0.17139079639086377,-0.006539562665922713
0.10559186213593143,-0.2792831226174695,0.10261760129394774,0.2794463708068275,0.027048740388242298,0.23928187946036666,-0.0008226764386005713
0.009679471862043595,-0.2823453107197442,-0.00043266025060369873,0.25989380284353514,0.011309273002050042,0.243171676927788,-0.0002747001751352007
-0.03590293523473163,-0.08764855871038353,-0.009576233646979878,0.07125314687845188,-0.029891939497299447,0.14085042963732458,-0.016970065534190764
0.04586208695218987,-0.18382969878963848,0.04720029148003562,0.24677627588525766,0.018531863547500263,0.20748332078231793,0.010207526352042869
0.032904553321287694,-0.14069203025051727,0.05395237448675212,0.14217129952858182,0.0024533610816461077,0.17139079639147928,-0.006539562668657969
-0.049111686513142946,-0.19564531999179244,-0.026671853062011773,0.17231239604451998,-0.03212976179187826,0.1888086187766712,-0.023186545842253076
-0.049111686514467075,-0.19564531999196016,-0.026671853064503058,0.1723123960442716,-0.032129761790896445,0.18880861877696892,-0.023186545841263187
0.10559186214136451,-0.2792831226214552,0.10261760129592216,0.2794463708148732,0.027048740389197242,0.23928187945814366,-0.0008226764431775794
0.06496324949000006,-0.22243885480913025,0.06333877556538153,0.2468586291794604,0.01940078247227603,0.20940153552368196,0.0044706353918945235
0.034644872725010385,-0.2784782098206782,0.009548891363642202,0.3178831056566372,0.020930690118193835,0.2537276915734579,0.009707643813008315
0.0329045533187072,-0.14069203025176674,0.0539523744842475,0.14217129953030488,0.002453361082079025,0.1713907963902242,-0.006539562670560694
0.009679471859133615,-0.28234531072399416,-0.0004326602630430004,0.2598938028492091,0.01130927300321616,0.24317167692963843,-0.0002747001792138202
-0.10258996198748033,-0.20049853160108216,-0.12871885520281248,0.1563723166378146,-0.01894539105156822,0.18408478056102837,0.0063646303229659505
0.03290455331852644,-0.14069203025363455,0.053952374484302026,0.1421712995327426,0.00245336108184519,0.17139079639078753,-0.006539562671903151
0.04586208696040479,-0.1838296987942156,0.047200291480985056,0.246776275893413,0.018531863559307884,0.20748332078303405,0.010207526358931357
0.10559186214653096,-0.2792831226255327,0.10261760129798977,0.2794463708232261,0.027048740388425765,0.23928187945572715,-0.0008226764497453153
-0.03590293524549859,-0.08764855870240341,-0.009576233662848882,0.07125314686468094,-0.02989193948842831,0.14085042963384412,-0.016970065526671275
0.009679471857692275,-0.2823453107260974,-0.000432660269398897,0.25989380285230845,0.011309273004380452,0.2431716769305961,-0.00027470018053775235
-0.10258996198892012,-0.20049853160202605,-0.12871885520838075,0.15637231663720833,-0.018945391048935376,0.18408478056551966,0.006364630323761045
-0.03590293524696271,-0.08764855869992215,-0.009576233665213004,0.07125314686158786,-0.02989193948676632,0.14085042963255343,-0.016970065525423468
-0.11692237722412065,-0.19473827725545476,-0.15444878383843663,0.14769622341533709,-0.015459109622299938,0.18129844901378295,0.018536788934754966
-0.03590293524818869,-0.08764855870045027,-0.009576233667148682,0.07125314686094174,-0.02989193948577991,0.14085042963279093,-0.01697006552473797
-0.1169223772250976,-0.1947382772581838,-0.1544487838404695,0.14769622341766414,-0.015459109622527058,0.1812984490168245,0.018536788933843744
-0.10258996199042189,-0.20049853159958192,-0.12871885521215312,0.15637231663420584,-0.018945391047975595,0.1840847805664372,0.0063646303235220586
0.059614751521703896,-0.14210639143687281,0.0532504288895935,0.17373439639059346,0.02316690463533256,0.1671910032971318,0.020184482776827956
0.03464487273742835,-0.27847820982548604,0.0095488913690237,0.31788310566508204,0.020930690115858182,0.25372769157466624,0.009707643799598164
0.05961475152219769,-0.1421063914387954,0.053250428888561546,0.17373439639315252,0.023166904637291943,0.16719100329817355,0.020184482778416855
0.009679471856305273,-0.28234531072856783,-0.0004326602771692335,0.2598938028560255,0.011309273005452121,0.2431716769313599,-0.00027470018305459677
0.03464487273956934,-0.2784782098240721,0.009548891370177028,0.31788310566476075,0.020930690114785263,0.25372769157288394,0.009707643796264745
0.045862086968934235,-0.18382969880069544,0.0472002914799862,0.24677627590322024,0.01853186357518358,0.20748332078461657,0.010207526369949841
-0.04911168652644759,-0.19564531997449197,-0.02667185309362885,0.17231239601818607,-0.03212976177940082,0.18880861876940883,-0.023186545833401857
-0.049111686527820594,-0.1956453199727939,-0.02667185309603659,0.17231239601616352,-0.03212976177838032,0.1888086187683186,-0.02318654583220953
0.10559186215388615,-0.2792831226307879,0.1026176013001497,0.27944637083475415,0.02704874038843593,0.23928187945164528,-0.0008226764584809008
-0.04911168652805978,-0.19564531997047893,-0.026671853097137446,0.172312396013311,-0.03212976177782826,0.18880861876709726,-0.023186545832089983
0.0329045533134446,-0.1406920302588469,0.05395237448118239,0.1421712995394124,0.002453361080127614,0.17139079638997218,-0.006539562680090176
-0.10258996199195254,-0.20049853159618714,-0.12871885521866924,0.15637231662857354,-0.018945391045727396,0.1840847805703605,0.006364630322142729
-0.10258996199180954,-0.200498531594707,-0.12871885521908924,0.15637231662722803,-0.01894539104558883,0.184084780569881,0.006364630321699811
0.032904553313432,-0.14069203026208751,0.05395237448131219,0.14217129954305172,0.0024533610800497214,0.17139079639160046,-0.006539562681213362
0.032904553313417434,-0.14069203026025703,0.05395237448192318,0.14217129954105256,0.0024533610790966947,0.17139079638982813,-0.0065395626824223735
0.045862086972951174,-0.18382969880276198,0.04720029147852955,0.2467762759068646,0.018531863583583642,0.20748332078442944,0.010207526376133003
-0.11692237722984948,-0.19473827725536472,-0.15444878385231023,0.14769622341111596,-0.01545910962520439,0.18129844902546827,0.018536788924784154
0.0596147515219934,-0.14210639144186984,0.0532504288793924,0.17373439640019436,0.02316690464864876,0.16719100329788047,0.020184482786781414
-0.05317529883178184,-0.22663100798277308,-0.040639313882557655,0.1914233649467592,-0.026431484638429686,0.21364341939909076,-0.022272197326449705
-0.035902935259640785,-0.08764855869170002,-0.009576233685036791,0.07125314684659166,-0.029891939474812033,0.1408504296289576,-0.016970065514949034
-0.1025899619930624,-0.20049853159349515,-0.1287188552234376,0.15637231662453802,-0.018945391043818687,0.1840847805726664,0.006364630321513402
0.03290455331284523,-0.14069203026297694,0.05395237448197826,0.1421712995442512,0.0024533610784562053,0.17139079639068164,-0.006539562685018846
-0.04911168653269843,-0.19564531996722154,-0.026671853109842863,0.17231239600603138,-0.0321297617718279,0.18880861876683458,-0.023186545827536553
0.03464487275339806,-0.2784782098281831,0.009548891378599489,0.31788310567157896,0.020930690110582018,0.25372769157392866,0.009707643780692873
0.032904553312645114,-0.1406920302650058,0.053952374482034694,0.14217129954627594,0.0024533610785111544,0.17139079639126834,-0.006539562685911797
0.10559186216112686,-0.27928312263547855,0.10261760130389085,0.2794463708446054,0.027048740386889845,0.23928187944853135,-0.0008226764679607799
0.032904553312082786,-0.14069203026579893,0.053952374481544045,0.1421712995475116,0.0024533610781905875,0.17139079639185678,-0.006539562686577098
0.06496324948944106,-0.222438854809535,0.06333877552465363,0.24685862918974816,0.01940078251312918,0.20940153551456947,0.00447063542327906
0.10562150036302632,-0.2782193350886017,0.10261155182946398,0.278489314587974,0.02714640016910099,0.23807603997077237,-0.0007801689945684669
-0.11674897151656952,-0.19244747736864595,-0.1544507958151492,0.14687406762071603,-0.014908460461134634,0.1769734097000378,0.018709854983409144
-0.052993155070070505,-0.22875763822013157,-0.04073258545011799,0.19781288305553338,-0.025589943426757352,0.20977731722914417,-0.02208544171721884
0.10566928670503194,-0.2868074189794385,0.10237556525213964,0.29378924685908353,0.02797449234556262,0.23727487033267522,-0.0007750371533551594
-0.04914326953218753,-0.20696776208555617,-0.02712597104732625,0.19221572368807055,-0.03113447509392561,0.1881661110054437,-0.02298348706546893
0.05946046601294878,-0.15581576381410062,0.05266414799330991,0.19730601611148335,0.024129609264210497,0.16749073425133573,0.020103351174375703
0.03460048589133713,-0.293008798118919,0.009070369574105345,0.3430718176515099,0.021810624840701735,0.25458461714617275,0.009482136633714397
0.06473728958444315,-0.23673746520971647,0.06257312876639112,0.2720298960748997,0.02036128557805488,0.21050876258983675,0.004242555099776897
0.10548777135133569,-0.2924049618427618,0.10199578646684619,0.3033847127677454,0.028006130805016183,0.2404466792284633,-0.0013085819853641848
0.05915348513745771,-0.1520615244121097,0.05226690732854096,0.19410052624556215,0.023967104738300268,0.1669061182296891,0.019849425493570022
0.034780853555535785,-0.28546780212874817,0.009162796546075713,0.33593758361351417,0.02182995917426924,0.2513306185581052,0.009224555652205235
0.06492869050209785,-0.22757835401798185,0.06245681332290463,0.2655291938330134,0.02115551516535728,0.20308086923208893,0.0042184748086791955
0.0325963623515253,-0.1526609327520482,0.05231496514694929,0.1730892486875963,0.005044319455605035,0.16596723649232567,-0.00600487033371379
0.10600156761018233,-0.2942584251150231,0.10181254014921123,0.32036311215770114,0.030259198824719762,0.23050018448234275,-0.0018017244226395347
0.06488065773195602,-0.24762891616153407,0.0615032876867576,0.3088241233217929,0.0235703160286985,0.20000590647677557,0.003806810753255496
-0.03691023470939694,-0.12543135502606018,-0.0131248535696067,0.157954104030105,-0.025181170270974305,0.13143407715122493,-0.015531243026935508
-0.11748432650308928,-0.24088987597171105,-0.15766866868289295,0.25223344222177846,-0.011673184853656728,0.17351425891938646,0.021147034515630114
-0.053297180383467015,-0.27878778804390564,-0.04419582703749085,0.31119621489621657,-0.020914354606076026,0.20772862856573637,-0.02057271467939553
0.04490248906087019,-0.2355485252643879,0.0433088075299955,0.3751311705940771,0.024744458179560953,0.20151384620562546,0.008269202387425107
-0.038960162883792844,-0.14088992080530627,-0.016589484776002018,0.20770974484240792,-0.024303881940377667,0.13663820531762533,-0.014795031803524986
0.06362941679120392,-0.2638554479482082,0.05810652373047318,0.38193612445168423,0.027083698786641377,0.19978718637046206,0.0013820075905007334
0.10677741202417043,-0.3135851324989232,0.09977276881948753,0.4178098398715131,0.03677532216633674,0.22749315319909721,-0.006707748585064891
-0.041093373520672556,-0.12234184268220814,-0.019429990179669003,0.21820963654514222,-0.024652916078370633,0.13666353988152946,-0.01394726893823264
-0.10565335045685853,-0.21753940264542396,-0.13728602199655185,0.2947111487350535,-0.016504690765844217,0.17826956018799472,0.013091162647747784
-0.055300448881620994,-0.21599268682739517,-0.0481628835999307,0.3097570362869883,-0.022717334058733493,0.20946668754534656,-0.018446406833142883
-0.12280430041464337,-0.14541470113279062,-0.16429216998086893,0.23017014112233752,-0.020147655290143836,0.17000427250986802,0.026776018346706797
-0.04590181447803862,-0.003783273685127906,-0.022667276173572795,0.12200226275332413,-0.030574741967625316,0.127773849263164,-0.012179019154419317
0.025488878993851855,-0.026430702684161488,0.040501240385417525,0.16699637591061284,0.012232119048327704,0.1509032860607359,-0.002870463531676725
0.1109725360161747,-0.1255286490018752,0.1050085213770747,0.2728313312114334,0.03971357402049339,0.20231033672620655,-0.01606311491180021
-0.0559545766856326,-0.060719527922147326,-0.047200895327452516,0.18089938978056308,-0.027703488383267277,0.18270499102694157,-0.015048948586996853
0.04416751666278693,0.0028280480402180968,0.045422609411923394,0.21980914639884835,0.022986781225859846,0.16888939252990728,-0.00048620356174265103
0.11411763902956773,-0.07800005036314223,0.10878012407483963,0.2418282666157572,0.043183209018822555,0.19450197260146201,-0.020118314139612115
0.1151260909164242,-0.06792103109853408,0.11001007719513925,0.23300443328037665,0.04418189582829554,0.19417785399839463,-0.021592322844492442
0.018457383508857988,0.0158741076116931,0.01936824920867209,0.13789346983204775,0.01925392741663735,0.15876471066054948,0.0013936697779882963
0.045780170561751155,0.011425509127322835,0.02573798869969547,0.16586883896166676,0.027438013252432163,0.15258608885941946,0.005672812179429274
-0.1144118398918568,0.047703805097085626,-0.1378245657042067,0.05742809827325404,-0.040679387705260486,0.1268944602011807,0.02463667442758291
0.05367474439321758,-0.018294525340498583,0.03806808607538366,0.19249564445689224,0.022715372104565753,0.18338699410679124,-0.014605561889000225
0.06515657571085823,0.016631761596626937,0.06278799262103922,0.14455711377333755,0.023908710352707505,0.159278484416875,-0.02113293355266881
0.016714612347796486,-0.045028458715741945,-0.002095655418883547,0.11727284770730471,0.026186473553864477,0.17229777502040972,0.0035270178312548617
0.04997106535167976,-0.005433237837096531,0.03249130193178752,0.08820664208031105,0.02785792315060917,0.12487270922630817,0.0006677424429751222
0.016258754427947834,-0.011872073636331196,0.02056093094389799,0.05635072949494847,0.019600456373238973,0.13034223257449215,0.006494310253339387
0.09796616832422911,-0.027445768466461344,0.11136495518336455,0.08590262410547043,0.04846954572236099,0.12239981393906696,-0.013639989943376032
0.011296880873852914,-0.038426904365169455,0.017187907394235903,0.07332668931084937,0.014861027067590361,0.12735400682735437,0.009625108854105478
-0.07551773339729843,-0.03435614982119948,-0.046641888543704775,0.055479661321340946,-0.05150902981040195,0.10795205548959508,0.007221109724449266
-0.0901789443736527,-0.022844373702210246,-0.10795110379466213,0.02925512745637114,-0.051062811484099954,0.09099783776041953,0.022678588819743724
-0.09100489704993908,-0.012403107060817093,-0.11726429824312921,0.02325637100681881,-0.054875932734380614,0.06848058527013605,0.02477595080524269
0.07099683261463575,-0.007419016622189875,0.07262962908980987,0.09437357053960001,0.026576785708419703,0.030744287653616417,-0.030450502144390882
0.007686894923850608,-0.0072656479477298894,0.01613980343529487,0.0976646684185171,0.001829733626593753,-0.04275455932768649,-0.014976346229490171
0.058042901745778995,-0.04730910427352726,0.04057908225217261,0.21571859090116474,0.01617070427730481,-0.06966337564082117,-0.04465686766115052
-0.06688856631306979,0.12209118301967309,-0.0350962181935266,-0.006150168084125645,-0.08656650641831488,-0.17506503175825386,-0.034950837300202285
-0.07189516875888294,0.028293010923810077,-0.052724370358483326,0.08936474069657149,-0.0895881090692518,-0.20822799166733091,-0.04846771842587229
0.06354130929216982,0.11339473625041328,0.06010573699731725,0.06657200675433274,-0.006579969327324864,-0.25731002092312333,-0.06787374262014535
0.058068233704147064,0.010409571636277024,0.04064911269837371,0.22158040436517043,-0.005544375396191683,-0.2775660087342538,-0.08053804628674673
0.0647649528963053,0.1304623857851372,0.05944032493472769,0.06769346540325537,-0.014953755128923421,-0.3499983909438695,-0.08629916119990831
-0.09727905850119008,0.10471319365332378,-0.11742217989430177,0.04152598469064148,-0.12329293719377864,-0.4174976122105649,-0.04765308725939723
0.016601757821134194,0.08858919424336188,0.020050611627851586,0.10328759414229645,-0.03971399782498629,-0.4889890714133623,-0.09157648061183582
0.1163775604324698,-0.05720921161282122,0.07670818363356774,0.23236163424710438,0.020118193696951406,-0.5143319698254644,-0.13862678916925233
-0.06806191088332054,0.10330482874962992,-0.03168271775525487,0.06230189916484192,-0.14091331133271015,-0.6072102072751685,-0.09870179088241404
-0.07298382135243171,0.11521899110829546,-0.03384107324351833,0.04413533099663906,-0.1541230241520196,-0.6479050842559649,-0.10368566127453432
-0.07163142929036101,0.10332174248275719,-0.032056506079095125,0.051867391094111134,-0.15750631527445194,-0.6865248354214747,-0.11122776724925319
0.08476987489935625,-0.061013786485918965,0.034849090244029324,0.27593039971803596,-0.01745928152881661,-0.7351663614501952,-0.18130498275443208
-0.08056148755251709,-0.051127721003736665,-0.10697645342496646,0.1724457469961053,-0.1519237901430899,-0.7929289088120255,-0.12801219828036378
0.02462716004692926,-0.01711287126437117,0.01141900361797054,0.17753195605639405,-0.06090357158586114,-0.8449638778651609,-0.1647979769047595
-0.05742755531000303,0.017726258271100616,-0.034115576588889786,0.13402801278100163,-0.16219192713274894,-0.9159953068314364,-0.16088370922151732
0.08596707521333594,-0.14024204611045016,0.03410720791030728,0.3570471563785087,-0.02662610791770413,-0.94164819521348,-0.22874459225540658
0.030390153594738147,0.06154937342098873,0.02493896443412203,0.14449014213465208,-0.07328716393276268,-1.0498337264485595,-0.20468284468482228
-0.051787628626918145,0.00810588935208997,-0.02449603883657429,0.161695619297002,-0.17774009847735686,-1.1221315998104198,-0.21331365976754943
-0.06616838642865873,-0.033858733646717945,-0.09251298091738322,0.21480901655079165,-0.17197060401775946,-1.1710087161763272,-0.20889735687700192
0.060829834846123865,0.0024384812556803733,0.03530504586549842,0.29710360658487805,-0.07579481096773348,-1.2364733535742332,-0.2778603282096336
-0.05039321882347269,0.11096877450493187,-0.017332004912294606,0.15624855503591162,-0.19378585222319283,-1.3401240164900514,-0.24505744476788682
-0.047312551953682634,0.06259644273090328,-0.03649351360806535,0.19335424258860406,-0.18196954831140127,-1.3829267724032233,-0.2652111232950796
0.044539603369129495,-0.0011589356242764435,0.010978121588313097,0.2965451129836877,-0.07282949323521454,-1.4177298272458876,-0.2991558213535419
0.06076935382838568,0.11187034657992259,0.024601423480625037,0.2828091508089157,-0.08252663886193055,-1.4866620369821137,-0.33161790138940417
-0.04420280745175587,0.10152261461618015,-0.037711940289224546,0.20898100652428644,-0.19041660497797638,-1.5538330978486856,-0.3033088785557586
0.03853329848357766,0.07315068441816103,0.015757117031882283,0.2786340290668528,-0.09509835164064549,-1.5959657884067504,-0.3356915523552248
-0.044124212853883,0.13072665710106907,-0.036022109142246274,0.2184388178566032,-0.19851731177189752,-1.6752227293104853,-0.329112345509558
0.04027010336974033,0.08358671337208394,0.018487694782993704,0.3038802079487611,-0.10159721843739089,-1.7168588497759916,-0.36753565246955816
0.04198997254286662,0.10124920263946963,0.019145811463221012,0.31497858340337265,-0.10427990824432219,-1.802962005504874,-0.38889373308306996
0.05688690604669161,0.0941897729261955,0.013385019234890197,0.3945123380190622,-0.09756403877238663,-1.8289280734201918,-0.4181479296999564
-0.04192794042466803,0.18346702521494204,-0.03595939917521456,0.2458278782822659,-0.2085754112440713,-1.9213750033804011,-0.38486394496411186
0.04619641784213191,0.1179211429329025,0.021099049563590128,0.3511176749437685,-0.10723321806746708,-1.980599544357931,-0.43609397528217125
0.04828387073918031,0.11547443219457892,0.02217629016657826,0.37108008444407076,-0.10858894353072739,-2.0654260890560163,-0.45818979612480637
-0.03902381739175507,0.18106265284017276,-0.03481512023878284,0.288607442599991,-0.21519621442778056,-2.128858041714072,-0.43286147085757215
0.052047979947564306,0.10332744830846721,0.024504172544152165,0.4020349634656781,-0.10865228133225968,-2.2006444970892933,-0.49386138536863516
0.05403223615415283,0.09866533928763588,0.025731224580234024,0.4190323045957868,-0.1093139211668944,-2.2793358542534845,-0.5142906984799108
0.05525780527848482,0.09373455604002694,0.02660135683072105,0.4275954498451385,-0.10923704340769635,-2.3155625400226896,-0.5238817079196548
0.05242294057439315,0.07268101178837344,0.004906293088045145,0.5073766066003841,-0.11363755148665525,-2.3446817319713205,-0.5458540363309918
-0.034560692228977466,0.1700407524115744,-0.032125301473466025,0.3424748906080076,-0.22144637151431967,-2.426524908277789,-0.5024851452712013
-0.03373241121249822,0.17145429995587871,-0.03146702777176766,0.3501589355115643,-0.2220409664897146,-2.4870206258791376,-0.5163709841627703
0.06027441934065928,0.0903779610997685,0.03041699564457602,0.46575823819310697,-0.10748641175973006,-2.53107257549258,-0.5807820232919547
0.04873771368395946,0.0804120383733576,0.001797183401174738,0.5397461109517727,-0.11950384399627792,-2.580067216982343,-0.6018451152177998
-0.03173013671393855,0.19726423652253863,-0.029736146997621702,0.3646517435545353,-0.22431190036675264,-2.664845124533997,-0.5575584858510048
-0.03134288584228316,0.20846624870383137,-0.0292623930125216,0.3671538587980058,-0.22444618825395074,-2.708147788344587,-0.5681753161174927
0.06361544291044466,0.13582159358631646,0.03336292859250426,0.4860111296879548,-0.10590477531885263,-2.761142268028248,-0.6407081680344866
-0.03057060035608942,0.24724836251234872,-0.0283897346327818,0.3717767569238626,-0.2258226980544211,-2.8393542047240774,-0.5984658275574695
-0.030329796090188915,0.26947383261564933,-0.027933768596185623,0.37394392504819685,-0.2261749095703873,-2.906559446127782,-0.6145764648778153
0.04062858319759787,0.1659195189165932,-0.003154809551799654,0.5592366848630372,-0.12697399503555878,-2.9126669584624167,-0.6814678714192115
-0.029878008885493915,0.2904720342848277,-0.027248605381797807,0.3851788111212088,-0.22703320574588307,-3.0055865350075748,-0.6384797445937916
-0.02968618173859422,0.296762344451821,-0.02682154110096533,0.3898133762289163,-0.2267028593126186,-3.0424146306679583,-0.6474860713836105
0.036516208077501944,0.185088214894014,-0.005022297204048975,0.5831685617205695,-0.1301547863501664,-3.0797194433525985,-0.7215062923721307
-0.029299678637452666,0.30475000713907396,-0.025598736998624055,0.4052000141589938,-0.22594462308383012,-3.1481097765977797,-0.6731133017856695
-0.029150407233629924,0.30469461235488277,-0.02489109236875351,0.40985529057819203,-0.22476906044629516,-3.181964508821774,-0.6812266993608979
0.032531723796329,0.1847682645407352,-0.006071420872757698,0.6008776443519015,-0.13095775401847506,-3.19868764745881,-0.749864963547315
0.0649081408509753,0.20171709354910825,0.03821926380838906,0.5503266391702981,-0.09726127663472066,-3.250247956931396,-0.7702151552730274
-0.028219647642866316,0.31300530390808845,-0.022233854664419725,0.4285567310984458,-0.22353133627661884,-3.3455754894585983,-0.7202339356822397
-0.027972710490796252,0.3134867726489398,-0.02109858585766859,0.4315992581330853,-0.2218674048391154,-3.380305381483519,-0.7285750016900057
0.06461120611715881,0.2040771140462616,0.04046169240092873,0.5717690754348198,-0.09392336418783291,-3.4000828547600745,-0.8093360272070361
0.02546999907012904,0.1914393358014838,-0.006483440023617391,0.6239356877541067,-0.13232542685519857,-3.4248908350530094,-0.8024867333264853
-0.027102954725163324,0.31884046094077184,-0.018293293758987056,0.4465276951054849,-0.22019565335510358,-3.510389419213716,-0.75979181373626
0.06380498596374132,0.2062549339361675,0.04263054200299469,0.5861958184552485,-0.09004980706328079,-3.519879189238614,-0.8403743792589381
0.05002897552894915,0.22794090935401223,0.028180057923105278,0.5706124230936255,-0.09777478111549166,-3.580676714723513,-0.8452653493632851
0.0028095318465275756,0.34584538063978837,0.011014174950494515,0.44579785578984393,-0.204128155404617,-3.642066698222296,-0.8090451798879482
-0.0031377633278466266,0.3333835027540151,0.009037653359437991,0.46595601076605186,-0.20622746603160166,-3.6852676904923425,-0.8172182155910734
0.005527483772282348,0.21350519075785898,-0.017701173831037902,0.6359746459858927,-0.1359845600744081,-3.6914203049439287,-0.8536755916048276
0.004366054587248603,0.2196008095773634,-0.017283515303427675,0.6379794478764115,-0.13620573150940382,-3.7366436615981264,-0.8641238260626505
0.04911472312463989,0.22095827545129187,0.036649785525874404,0.605948043452514,-0.08959362287959682,-3.7586018999911825,-0.8958209191958235
-0.0022280920806106407,0.31763862596556214,0.013314279090292227,0.4959149391316416,-0.20141198324742338,-3.810621915018397,-0.8493496897645864
-0.014843710355888206,0.18192968161672662,-0.033166506468788416,0.6668586708628736,-0.13683321768083062,-3.8041184067069427,-0.8811108336917005
-0.010755845937249257,0.171202188914271,-0.027958147265033245,0.6686945176811866,-0.13567817951843977,-3.8054036731174268,-0.8812502098171835
-0.009619713616111294,0.16839796781587618,-0.02534658499600911,0.6698908785923501,-0.13623771504446436,-3.8344300439214067,-0.8881883143541079
0.04645851919873617,0.1721157800732548,0.038219624985220614,0.6310671169686838,-0.08461423276666673,-3.8368067356296702,-0.9176704192756264
-0.0016219196497855774,0.29872481638966175,0.017096511405930617,0.4984701133288527,-0.1968387273087344,-3.8867792635852108,-0.8685758898982476
-0.0008308558572528039,0.30547330323943567,0.018455262568916903,0.49353829690786605,-0.19610670098500274,-3.895991118380696,-0.870872789532159
3.6135743613153576e-05,0.31804928403016364,0.020011654142581735,0.4878087420782998,-0.19566721889903377,-3.9153571994475858,-0.87523890138713
0.06764683108543196,0.21050801523108018,0.06272649540793566,0.6126336469047337,-0.07724403107938085,-3.9052348610818406,-0.9345906319638358
0.04460544750007372,0.2228510203117027,0.039981967765238643,0.6053817814912539,-0.08294968579290053,-3.90525979735702,-0.9333007674156171
-0.004432593969229071,0.2331296901116201,-0.013726294458465512,0.6340923584926772,-0.13518998596927057,-3.9284161135936686,-0.9075661983840847
-0.0009298541468970785,0.37083755001523716,0.02073529347214615,0.46388778803507597,-0.1936649781847992,-3.9454064590482845,-0.8817549287383543
-0.0009386702319962363,0.3833156572310416,0.021179479707454502,0.4622284627401467,-0.19368447185607748,-3.9693981025507217,-0.8875337026709591
0.044082341624898234,0.2690087659644243,0.04103830709884854,0.591910790077505,-0.08251092611591439,-3.950610418686142,-0.9442959184490739
0.043397544485999376,0.28202828625303356,0.04092236977871234,0.5887885821300286,-0.08224709451970766,-3.9658078385701487,-0.9476845684182058
-0.0018679570089259131,0.41636425571633956,0.021256123796041616,0.45189660951753463,-0.19237544603044865,-3.993818262792868,-0.8934718476993512
0.04167687994718706,0.30196359414374907,0.04002704670353177,0.5840531992177547,-0.08163516788400245,-3.9844323679284055,-0.9521245146906983
-0.009388458443720904,0.3037675594335564,-0.015143941082411837,0.6120326182224721,-0.1352137198338669,-3.9887809117774324,-0.9201763057941923
0.04038144047020188,0.30874558737613156,0.03919908051343857,0.5807906156646739,-0.08071377420723047,-3.9809973457137438,-0.9513295070132024
0.03979026211512996,0.31204883408594347,0.038834524610597096,0.5829053716482461,-0.0808424716036128,-3.9986636425871316,-0.9557677487263261
-0.004725712186085496,0.4387373891296315,0.01949718619681095,0.4471574142311528,-0.19032522130759652,-4.015470181571881,-0.8985371474204835
0.038555328602656154,0.31429946567860145,0.03810545138900513,0.5843496127406409,-0.0802951402042686,-4.010436759893038,-0.958808025212264
0.03818529085650634,0.31338807868097834,0.037891889222642215,0.583273163373353,-0.07971906577036972,-4.002739566457053,-0.9568746317750236
-0.013206305353183505,0.31179408646170464,-0.017325863739746584,0.614645069093836,-0.1348704480079187,-4.022320613432839,-0.9276775222287512
0.0375690795526438,0.31261887868525834,0.03771134909311797,0.5872921988908862,-0.07960385786895573,-4.022932795567963,-0.9621666814040868
-0.01397270288399929,0.3098478255906463,-0.017469114800418923,0.6167286870082966,-0.13456018689565433,-4.032929606161735,-0.9303444841883534
-0.0142255855978078,0.3082983104706419,-0.017411318180541435,0.6180210483569475,-0.13443495336180677,-4.038363913622128,-0.9317423932655337
-0.01436586188148552,0.30680148644170446,-0.017272152527379715,0.6184389821146871,-0.13419839458461924,-4.039723552227066,-0.9322732712385032
-0.005558498895735375,0.4347602661527925,0.019958023972067244,0.45726026326563496,-0.18853141764540995,-4.066854368024112,-0.9120704529839294
-0.005449792087425187,0.43412197444475015,0.02016134358024889,0.4572342055701524,-0.18824142651909825,-4.066702975145014,-0.9123268025632785
-0.01449388184436675,0.30441426271061994,-0.016840512027160224,0.6180285204427504,-0.1336034748074229,-4.038253810979438,-0.9319346170088487
-0.005197944192457468,0.4338085899396642,0.020627294043701633,0.4579792209669802,-0.18792788722751766,-4.073036851117122,-0.9141338230576834
0.037454048566481137,0.3062750488306468,0.038970126646975696,0.591445409568516,-0.07763193479300846,-4.042555542472169,-0.9680722640542416
0.03749838180500597,0.30742448882273105,0.0391587501579257,0.5934810048100426,-0.0779060552761997,-4.057502956025795,-0.9720168071746871
-0.014619223854513912,0.3051780246306582,-0.016288288766201482,0.6184546757398345,-0.13343554551196213,-4.050617727197953,-0.935138038470932
0.0375055847695478,0.30843780254344194,0.03937666683335709,0.5939208952510866,-0.07782849732658527,-4.064804360309541,-0.9737460567631491
-0.014736523495234619,0.3071965247748437,-0.016104873467393106,0.6199848229863771,-0.1337443229613409,-4.067033915851206,-0.9393037610307959
-0.004740146219107084,0.4371959440129942,0.021671058924036327,0.4583185475356986,-0.18715201379143628,-4.092728155136691,-0.9192556736133628
-0.014943276192127371,0.3087795374757188,-0.01602929279389667,0.6195816154783788,-0.13369959684363664,-4.0722577678544924,-0.9406273177993114
-0.01505234409213764,0.30978341081733024,-0.016001897724063338,0.6198772829697065,-0.13379909391443012,-4.07777731460332,-0.941821953012442
-0.015197974443225185,0.310431856847873,-0.01601760067136919,0.6191273155337457,-0.1336554526407188,-4.077170471011049,-0.9418690287911625
0.03712828150813335,0.3129308674347389,0.03965665571113579,0.5931676259901284,-0.07725779055302621,-4.080123419163071,-0.9780025747908954
-0.015504373810124376,0.3111741326001316,-0.016079145915992913,0.6169092411726013,-0.13324009277488386,-4.070631055573814,-0.9402066019186254
-0.01561164054404275,0.31281646972973487,-0.01604184414866801,0.6190255953953739,-0.13369287676459593,-4.08713780239553,-0.9441903203573726
-0.0049263093894340955,0.44125217506886855,0.021980438842648563,0.4550319513277262,-0.18591130427365948,-4.094112189623026,-0.9201700775554765
-0.004931207549463986,0.44255058920444396,0.022058824720802672,0.45686578291311647,-0.18619381960178874,-4.107947612976081,-0.9237889759459433
0.03671226240209331,0.31450999656475925,0.039621498867151744,0.5905300235439477,-0.07641911630244866,-4.075270979809996,-0.977294639513091
-0.004957495530902492,0.4431307152198768,0.022130869868552238,0.4568540258125691,-0.18604223027370287,-4.111057731795146,-0.924690925659621
0.03660003369595567,0.31502093520356955,0.039652934262740025,0.5905472957002281,-0.07627851225651444,-4.078605477683033,-0.9782673907608815
0.036572354506855385,0.3160615714941248,0.03971320262569083,0.5924555320228885,-0.07659154146631512,-4.092087666740992,-0.9818121236323613
-0.016240087107923313,0.31494292651622585,-0.016036603625864874,0.6187578287016442,-0.133545311571374,-4.099344697269296,-0.9474946788957459
-0.004968553482462313,0.44390388352307597,0.022305451011921815,0.4569101795741991,-0.18574412806927246,-4.116780213051659,-0.9263688226061706
-0.004984626274334267,0.4431661693142938,0.022298644344247786,0.45505920719417875,-0.1853193332823227,-4.105897890888669,-0.9236086391317557
0.03646186047053922,0.3167176457688399,0.03980200789773415,0.5930020475670761,-0.07651399643218115,-4.099380437311736,-0.983642913331898
-0.0164527143979856,0.31435228841838764,-0.016048932615478066,0.6164083690789651,-0.13300061173077438,-4.08895557249785,-0.9451403824078939
-0.004956984073494779,0.44444572817203415,0.022462281259532778,0.4569685486786658,-0.185513284592808,-4.12134074145711,-0.9277474636023151
-0.004965853807447663,0.4436951133172068,0.022443141333250465,0.4551165046587785,-0.18511572697821155,-4.110085988415634,-0.9248912547649243
0.036362819979215706,0.31718335748500964,0.03987422945166814,0.5930717460924158,-0.07635391003720723,-4.103540084596366,-0.9849366633284238
-0.004969976429925083,0.4439757052144542,0.022510253042845825,0.45510273294485826,-0.1850082197303389,-4.112128042942532,-0.9255147931116391
-0.004947614988231385,0.4451859314999482,0.02259665332241531,0.4573721039262342,-0.1854323668460049,-4.127661820169901,-0.9293016198533031
-0.00495185966404422,0.4451177410894296,0.022613500278030215,0.45690145000418275,-0.1853018098695722,-4.125502427050428,-0.9290143922474551
-0.004948594433850816,0.44556663655321005,0.02265570167462673,0.4572949401808771,-0.18536701508768283,-4.129302941240169,-0.9298225121962543
-0.004975055724602292,0.443112121540429,0.022616162453707612,0.45586346006720496,-0.18478915517332084,-4.1155169743731195,-0.9265830771431232
-0.004946529431002414,0.44551941567078185,0.02270954925168059,0.4574572909047105,-0.18527060408785387,-4.131001813972599,-0.9303573198087568
-0.004905652993475739,0.4413683144337887,0.022738717721254798,0.45821923241822315,-0.18473993526334234,-4.116844722481315,-0.9275116464066615
0.03695806779084505,0.26686280553179337,0.04074475300094844,0.6309456271377234,-0.07538508263689203,-4.094794215948229,-0.9880012812705948
0.03745575633531557,0.22018496931445403,0.04120748883712681,0.6506409012960661,-0.07408980450972963,-4.070806120746457,-0.9821055637662359
0.03825576185004188,0.16147578129012635,0.04199104409673678,0.678046999761689,-0.07356397463994403,-4.050077989925524,-0.9790786579436839
0.03945646146241887,0.0819541065400071,0.04308459658651166,0.7121724627311359,-0.07259054142561802,-4.012985188182099,-0.9714631438622339
0.04017287753783355,0.03614958393059927,0.04362297399710811,0.7198668668051004,-0.07176626897791437,-3.9713161205568723,-0.9610393978755942
0.040805610080295235,0.010142288722836063,0.044004812082256345,0.7139510329697756,-0.07158025569430183,-3.9305270028926578,-0.9494877440266174
0.04135517428352811,0.0030053248437355274,0.04431113291476065,0.7065589311380851,-0.07254604424358124,-3.9166521551036637,-0.9451313992066432
-0.010555428856702267,-0.0044368835415557716,-0.011009845324972256,0.7280115352410187,-0.1298431100603068,-3.886072138647909,-0.903803327642094
-0.009626678837959205,-0.019011430128263715,-0.010595988150192557,0.7290965602087022,-0.12968254860440975,-3.8421696325427845,-0.8941330641432206
-0.00870900057139031,-0.02864897888348989,-0.01026061661598617,0.730106986198192,-0.13022905987147074,-3.8194226003328837,-0.888899317895624
0.04394621343739201,-0.03355339632624483,0.04493691852435928,0.6879900414548737,-0.07316150230534355,-3.7311638744066786,-0.9013036930287859
0.04430805321272862,-0.019364737056579644,0.0446136375528533,0.671384594852279,-0.07453324127150417,-3.705232873563853,-0.8933739027501605
0.04435443568115676,0.005883391885562599,0.04410814331134259,0.6472295127086608,-0.07515412360772034,-3.6685912381782337,-0.8832717630173882
0.0016710885818937218,0.17522270891889907,0.02557304344213769,0.4773902776948188,-0.18418996413637367,-3.6293567079085056,-0.8178492609206158
0.044561062449293996,0.08788710208935774,0.04203408678845026,0.5901353672226812,-0.0790825541348832,-3.583603302922337,-0.8596884166476646
0.04445983409854491,0.12616101011386904,0.040943674541617375,0.5657255309060235,-0.08028062204245111,-3.5422124570957885,-0.848843327723105
-0.00028571290475613517,0.29747648050187014,0.0213207119630227,0.40078341153858554,-0.18794689490124997,-3.5048700813225646,-0.7867043976947453
-0.0015748093173082163,0.35477823592113256,0.018810612841864482,0.37172271073083263,-0.19014494730621434,-3.4551224369634257,-0.7746116704355686
-0.0029916691452889894,0.2765983404826173,-0.01721276639423136,0.5138261477631098,-0.13406209985790507,-3.371550263998763,-0.7760747729130393
-0.002190981119618522,0.3135698795043365,-0.018729989104770875,0.4929733527066532,-0.13332508517383657,-3.2941840893012726,-0.75748264119802
-0.005769708665009415,0.4680584730617326,0.010644023296564154,0.31623371096845454,-0.19483054842320705,-3.282612353831841,-0.7321155891250468
-4.644302380496258e-05,0.35673879942265696,-0.021151208906735736,0.47585129428600453,-0.13292090150770886,-3.1859455427121084,-0.7319930146235072
-0.008233736537769728,0.48799280070942286,0.005880464459456127,0.3046078188673984,-0.1961611675864672,-3.1638732367651925,-0.7034916960123762
0.042609181275718035,0.3655166817281956,0.026505440046508826,0.43838166526015293,-0.09112267963284021,-3.094975057712194,-0.7321747409361885
0.004238656106499866,0.3516701327588419,-0.02304345931139408,0.48157516458767186,-0.13117992399514594,-3.040170241481646,-0.6981531367474422
0.005871942508150534,0.3367653557236622,-0.023158650318001645,0.4840509537162114,-0.12939981361101321,-2.9739191178685087,-0.6828099116250229
0.00842675404031914,0.3221572650776487,-0.023671138962549215,0.4941952037304813,-0.1269081238918348,-2.9448295475990207,-0.6760159466721694
-0.010594727426386298,0.4245166953004667,-0.001729181590363364,0.3254298363145307,-0.19933288785066303,-2.915775793856794,-0.6437055558101477
0.01126207614323793,0.28517090453871635,-0.022432147197310435,0.5039161184612533,-0.12681803120036314,-2.8478871101375236,-0.6539951933110955
-0.009559853890298337,0.3966898224310443,-0.0037125842641866323,0.3272006493449893,-0.19835811308900841,-2.824381615282012,-0.6214058182743791
-0.010775667643066774,0.37475770868593206,-0.0039020925550427524,0.3345076092387298,-0.19944358014380006,-2.7801577761375733,-0.6111283791023847
0.0448276648561942,0.2491405324273724,0.021422558330721264,0.4624205636948772,-0.09493519215657871,-2.730577733522592,-0.6389948704231169
0.017725561791449247,0.21981147274567356,-0.020385006847531986,0.5225735020815937,-0.12241432012283295,-2.6749282313492477,-0.616369402694997
0.022863957131993025,0.005375416892390533,-0.016508868077162845,0.6846967299214696,-0.12316561787065361,-2.6227664083065503,-0.62257926858093
0.029091663912003646,-0.397224313538222,-0.010359576830955527,0.8750955988300724,-0.11264968381814473,-2.422486450952548,-0.5858642233702848
-0.00023922979668839853,-0.620842673863651,0.005947767645137676,0.7881588550279737,-0.1815178639707377,-2.223068730876377,-0.5131346006534743
0.039145087462565765,-0.9813468781192903,0.0007862794991041177,0.9969335598976572,-0.09546826615707395,-2.039371383839097,-0.4927940408544674
0.0625963362545392,-1.1331663965951015,0.04241716963969822,0.8693014899594453,-0.0643963907323797,-1.7911470577442077,-0.43100441326395056
0.06191111881171376,-1.1268311421404138,0.04455960800596119,0.7212425484310989,-0.05607431539394828,-1.5489461569019063,-0.3625737950198749
0.048131453411593424,-1.0885663450210108,0.014595743154476561,0.6765553446929128,-0.06497911796335559,-1.4119953645665322,-0.32033609756928555
0.00029491867739110124,-0.8543636135552246,0.015269021129447377,0.359234956832871,-0.14950580457258103,-1.3100032586394021,-0.27612291369739306
-0.002906485347906441,-0.6463610736771074,0.014531396385486573,0.16419019234608254,-0.1468812076881457,-1.160325933832179,-0.2374412437522767
-0.006196222900642853,-0.49321903199221484,0.013883099367705204,0.01598417621189985,-0.1381714899085823,-0.9713834955450981,-0.1937591069393198
0.04990205333153116,-0.3690771414213374,0.026819176230344625,0.009507865084992044,-0.04082999064512708,-0.8084392476445199,-0.15925045785710784
0.04413754837903834,-0.12955718162123464,0.029632692198434923,-0.18237516267320888,-0.03316695409187281,-0.601148068040063,-0.1076654421821379
0.03151398064876088,0.00560664152640738,0.033649053359736156,-0.3315572900942999,-0.030896076145440442,-0.488581579018824,-0.08348850918067527
0.04034863741722554,0.14341465270095108,0.047305404168266146,-0.4323887196679736,-0.01339512009886528,-0.295601101263669,-0.04879657243882071
-0.06376841817442148,0.3659720786610884,-0.019628706182367683,-0.6227950569449605,-0.10739205053125081,-0.17334164405705832,-0.018345822688682404
-0.06243826537745056,0.31983900494704975,-0.02555628340240025,-0.5724541654685109,-0.08681083087809247,-0.03298393659832801,-0.0007666461659534413
-0.06674683961246378,0.36516629992656296,-0.022900280934185557,-0.5539082186601471,-0.0905659301471087,-0.011492187604581355,-0.005305596995296719
0.027885093693716338,0.347021648094566,0.019905450167354875,-0.39537671580945627,0.016512667948288127,0.04977752693275209,0.012546668032413315
0.07461636592082836,0.414946967527384,0.09145923549202156,-0.42247784241290426,0.039496813797917196,0.02718184042108098,-0.00458670237550777
0.051121414603110184,0.47298467243816406,0.06232243666645168,-0.3930416319744887,0.01751002474975488,0.016728603341178365,-0.005768291384251097
0.04251633293888521,0.3475393464074707,0.0411450103138882,-0.17555452801446714,0.03102878055747757,0.12656653290932843,0.0033101926731710844
-0.07623002423359444,0.5277140937608535,-0.042105610462307194,-0.3056468242633909,-0.06674832763073982,0.061440388785140077,-0.011329126125769265
0.058435375295284885,0.41343048017300543,0.05621402564195791,-0.060130478566733384,0.03577251292320954,0.14244692709551107,-0.005512855261365157
-0.06824248738288755,0.45899647100829916,-0.05217076622535537,-0.07271146270870119,-0.04344650128308562,0.14273101262867469,-0.017876930173591564
-0.07584877656731107,0.505095105239244,-0.06322590110916429,-0.03050396392496031,-0.045804930672305996,0.144664416980836,-0.009040850108598474
-0.07047053037019946,0.4934071501296665,-0.05779671819744887,0.03472960454758795,-0.036636262815144545,0.16545597795783493,-0.02063739604868134
0.03055471419115291,0.5336600848357308,0.029649526075278432,0.13228168001762894,0.02849088627839372,0.173951760348614,0.005417779805121821
-0.007236318710561696,0.4268617795394057,-0.0240967149882793,0.2084418631401502,0.021035676772896805,0.22138614981871868,0.002442591437916708
0.022995605341589752,0.4798663474694521,0.008876804075100057,0.2703688505145634,0.03116654212079759,0.2211647009446908,0.006638932227995282
0.06746260868817082,0.4262959026379814,0.04442964124991692,0.30278425889604,0.04436725058733465,0.23221984946520607,0.002387912342729291
-0.14589320718959206,0.5657697314889851,-0.19658834890309232,0.1704866962158105,-0.015172197243905762,0.15361800059300748,0.017703580404644467
-0.0832091419071659,0.4707501893917522,-0.08912894952671979,0.28960775184528764,-0.02078071768705626,0.20325346659094135,-0.019985287456199846
0.019788864957656596,0.44576146369498365,0.0017058815703189373,0.41801827464257574,0.03184616325355479,0.22931330441813058,0.010486384892572715
0.06158888282444874,0.3788716651958152,0.032603281260846294,0.4354358217234841,0.04290848944466252,0.23660489883115532,0.01173944814708951
0.007200060891919038,0.44547830473463945,0.013183867468295868,0.3722930756613773,0.012694939299668674,0.19198470368527376,-0.01174711514358141
0.0069458401735561824,0.39175088508166656,0.012109208795501612,0.4114103164120843,0.012236091530041848,0.19326649699399956,-0.012442616634097204
-0.13519528557856725,0.3739201950049263,-0.1896798623019631,0.373610210773745,0.009665487812552121,0.16146557921477325,0.00895153509658608
0.008486570028262502,0.2871549004191623,0.013127879017442216,0.4653084137006569,0.01156940124970599,0.19351518053595781,-0.013309354608315874
0.04793529978514667,0.270632718298295,0.023194641399255207,0.48734562322730995,0.03636051170393583,0.1703250004856306,0.025560573874887187
0.05046916561876711,0.19326232716771652,0.025249149197982913,0.5153361970979177,0.036429709945001366,0.17199331054837588,0.02687691369177201
-0.12709510899655252,0.11040167309555625,-0.17849792820936877,0.4728824539008465,0.01802154581935937,0.16489835903816044,0.001874859116983173
0.06284246144634395,-0.15575424653178208,0.021237617671653695,0.6820583886458454,0.04621858012671687,0.2666865712576432,0.031102691409958482
-0.04319469846059686,-0.06195299501117182,-0.028979102912369475,0.48215964017238966,-0.009307647675611564,0.16041377475268775,-0.02823635047780866
-0.040390147586626596,-0.1650318459890499,-0.024817941662166887,0.47581563997350845,-0.009925065143862488,0.1607276850398361,-0.02872744941417383
0.07141894651777589,-0.44978473655435014,0.03046716814291079,0.6946213071051471,0.045133155094367904,0.28581188910093447,0.038081597078833566
0.0564920229767837,-0.4818676226462545,0.0199600259525499,0.6371630106949933,0.03878711315273133,0.2592909523812699,0.039449015497549526
-0.05410169579176852,-0.47469920082429995,-0.04341405054636876,0.506950828385425,-0.008956153487205834,0.22513914411111488,-0.03399192856882645
0.10261568916747571,-0.5451421421988901,0.09743844383594817,0.5561809596291685,0.025425816402457897,0.25407932643897546,0.03420262267895313
0.07771658306787987,-0.5620893811252701,0.07027852414615779,0.527398270371254,0.017507967512425112,0.24592754608744608,0.022628192524056068
0.02990269798226045,-0.6903189471152346,-0.01918510597117604,0.6074797074850473,0.043167430273058874,0.31282558395679705,0.03853418092860237
0.050413577249541555,-0.6169128331497662,0.02927777683909277,0.5095722797666687,0.030441835219615708,0.26098111239871574,0.040893191101680916
0.027516276102985546,-0.6166778494444681,0.04178037291227258,0.40659459438737416,-0.005910659560590584,0.23116535402874439,-0.015739323688568514
0.06458532386039191,-0.6872904338990592,0.03228119758499509,0.4832659480820085,0.03490446629247691,0.2609928848506299,0.045072142112635376
-0.029496347241777156,-0.6164539778797578,-0.0030189308943338183,0.34592866120349297,-0.019508320067390814,0.20602806186802708,-0.030998877242336225
-0.09139535773200838,-0.6489957224886928,-0.09986465739712394,0.3493910700230651,-0.0059711451094294305,0.21092930106995075,-0.02964491346365292
-0.04443867280823249,-0.6427815685314565,-0.02537803768135278,0.35244950141664827,-0.01771843928246199,0.22566768944682777,-0.036846936596227356
-0.11918680106260567,-0.6842187739299977,-0.15549893388844416,0.37922395925370506,0.010401433508237697,0.25826323317792677,-0.017055887538136097
-0.025097944499556744,-0.5565045465985762,0.014017534017690389,0.3056193804760758,-0.04002229313293577,0.21946532403470717,-0.04859277144488848
-0.032019292998234083,-0.5029831045303891,-0.003987207296646436,0.26567817676593275,-0.02386550308907061,0.21476027057040198,-0.031547628286344935
0.06164008265246181,-0.5390354785992649,0.03315672410492016,0.3811588282088257,0.030251175692248344,0.2712035653294055,0.04395097512515422
0.10502431471251343,-0.4485187073892305,0.10564958949634178,0.3207570511642776,0.018446223928398203,0.25456145369448757,0.037119628982902296
0.023147764302103017,-0.35429749145064565,0.0401407500183216,0.2445640783626898,-0.010822419258057355,0.22964896286155978,-0.01578872015916479
-0.05154888455734677,-0.2656948045667764,-0.03169591460223744,0.17808261398153746,-0.022955554541562673,0.208554750222613,-0.036245656290796895
-0.12516913972293656,-0.27846932384732587,-0.16276309600372363,0.20525334946937032,0.005000102846163714,0.23418971323746895,-0.011844216601525143
0.0731425159685691,-0.12442495759092255,0.06726208735394133,0.1717107270620202,0.015672388951970498,0.18803907539885578,0.03361004934828345
0.05697919262670686,-0.1806058132194729,0.03326518452996459,0.23748466715005734,0.0251685537036521,0.23371926732612092,0.039945184574703654
-0.057722355552869885,-0.15668197933577657,-0.04226168701524366,0.1763815509167977,-0.02038399028440906,0.2307540017400121,-0.028860224959428388
-0.12638726571127348,-0.13426872924674582,-0.1633136894049788,0.1590125835106495,0.0033266397336348895,0.2184990588265307,-0.007730243752825805
0.031811756378682464,-0.15643812475731086,0.0015786278380228447,0.2881578003002622,0.027718012769897746,0.26672766940124526,0.03445728316222539
0.014663528234562387,-0.060888900710034215,0.026817598865310436,0.1466464584803514,-0.006390483178194395,0.20051082522341043,-0.0072545657185286985
-0.04895630882355544,-0.08037588858141662,-0.01684945832769139,0.15183898511603258,-0.03791724182097176,0.20443312994951604,-0.046275080170781975
-0.10548352823918322,-0.08918895891910435,-0.12328381360117903,0.13653413745286716,-0.009569375306687932,0.1999289261005861,-0.016956151474602565
-0.059098081861124176,-0.12214657559110621,-0.045334311975708294,0.16995580617996034,-0.020772685403359928,0.22456181421226432,-0.02956038325863359
-0.04852529674535879,-0.10587799252025745,-0.017085097013960018,0.15962889355328386,-0.037111791483589854,0.2057106695486738,-0.04461513390668495
-0.04829057628167451,-0.1151605638521919,-0.01694045938728778,0.16177445144103306,-0.03699132227433786,0.2061144452328349,-0.044299606353489285
0.06639309422515537,-0.09817082540172059,0.05454199596697745,0.1892823580448554,0.02052777239706869,0.2014250564576488,0.03449422086145029
0.06482027370471981,-0.18650579844169135,0.058721828793912516,0.26130194091208214,0.014105070926233776,0.24279792320446444,0.01945275256912666
-0.10349538620538117,-0.15505857164567213,-0.12187165818326806,0.15153321090562752,-0.010056592370136973,0.20272093675879305,-0.014562700116608849
0.027186651314661792,-0.2668056551065175,-0.006916053511410614,0.33459663589702093,0.028483147675526097,0.28551194614520087,0.031009441118775728
-0.030006079314560462,-0.07135485698108218,-0.002499210704970979,0.0693210282628025,-0.027212820678385256,0.15402119760703817,-0.024093893835662846
0.0464877333176932,-0.19321138870893936,0.04306523946781435,0.2616477284391924,0.016287365468232878,0.23187441380597218,0.022614807084824287
0.06596252859570638,-0.24754949316851527,0.060593902261199234,0.27064795975643563,0.014477902522672526,0.24382593845087988,0.018403301743141014
-0.04597266727076749,-0.21010726570978766,-0.014949174952910468,0.17914720809647056,-0.036500093715534566,0.20950966797330445,-0.041999507520298095
0.06743809001227744,-0.18185789314920234,0.056538226167108505,0.20183744759185815,0.020974668813430967,0.202537337626096,0.033089578740979377
-0.11362369086387875,-0.2211487741509186,-0.14525145989189403,0.1580345720300993,-0.0021787929540199097,0.20542130680494106,0.00036889353298742
0.09917752666213632,-0.31491867573661764,0.08984229849894046,0.29715774268621387,0.020278526128925455,0.2682346086238618,0.02139311146762611
-0.02933128510374493,-0.1143848294055602,-0.001778829153274034,0.07608997494342394,-0.027312946682220077,0.15523020837593854,-0.02353323804428966
0.06740949233124233,-0.19190746043152115,0.05676119962510673,0.2025176538765021,0.021151141389465243,0.20174111536595032,0.03263682693928129
0.028708029280241,-0.324422696317836,-0.003711022889998333,0.3424133305077134,0.027243792708930733,0.28515963702308045,0.028526540597591084
-0.05535778837632868,-0.25288523898796933,-0.04096101074293416,0.19532706566639266,-0.022144378672351864,0.22927775216044044,-0.02829698693432902
-0.1135563209138921,-0.22587237930511037,-0.1455537646273416,0.1587313962001254,-0.0029692663905996584,0.20419577891014895,0.0016461386787813487
-0.029631116091728246,-0.11096430754260227,-0.0022530859644074737,0.07601682193120932,-0.027336372770335824,0.15433109368800735,-0.0231644531648893
-0.04574387663328981,-0.21843647534509358,-0.015637003584086887,0.18080018761239233,-0.03592833325859441,0.2078935128083567,-0.040012732470104236
-0.10158517044017829,-0.21811278805387155,-0.12093121587689484,0.16285159680499525,-0.01156973835295515,0.20255538841877355,-0.0105881320135911
-0.10164614187533604,-0.21517395964042405,-0.12113162259688141,0.16262712721154926,-0.011594795009312391,0.2022586464476693,-0.010377324790704984
-0.04594730080361916,-0.20966424904644645,-0.01625327655017406,0.18004381612722134,-0.03565594545893717,0.20699076976662062,-0.03943122573421711
0.06629748920201092,-0.17062712991223603,0.05589139292900643,0.1986913470811589,0.0215373697798956,0.19759215013962422,0.03141325504250694
0.06620762640377031,-0.16862931299194645,0.0558071426384315,0.19844846774107672,0.021559814283780173,0.19730031168427722,0.031325217463389586
-0.03028396471664075,-0.09291583059016442,-0.0032288848755551987,0.07492542863224061,-0.027286127726449432,0.1528095770769487,-0.022748299287989188
0.028285516565875784,-0.2973512982881611,-0.0033913444776447472,0.3383140232001385,0.026379043661551062,0.28068275002398346,0.0263123599055593
-0.04616105105541525,-0.20063841336870228,-0.01699530674562077,0.17966142215776185,-0.03528892711385885,0.20600566472789186,-0.03867847605116326
0.0037546345771852343,-0.28465064858042943,-0.0019072542624425637,0.26557610703899814,0.0039708316136550315,0.25978048235231765,-0.005822721331047215
-0.05580546399820178,-0.2261576226549112,-0.04198705394678657,0.19430243642742184,-0.02246557636023842,0.22662195372465266,-0.027591470201722024
-0.10188851811820371,-0.2018750514482644,-0.12227717887740565,0.16246846494055314,-0.011738876248691408,0.20070495570128585,-0.008997047077156123
-0.055519845418891975,-0.22568119773539605,-0.040766217342660324,0.19479222909927688,-0.023736774275202353,0.22663931090604206,-0.02801821457313757
0.005467326833967715,-0.28364449548675263,0.004343489904843503,0.2660474976476243,-0.0005009991274051647,0.2599295252423174,-0.007557784168966605
0.0682766841594668,-0.160289794854238,0.06616699280760899,0.19696998667103127,0.014682699240398896,0.1958950676300653,0.027550566072243002
0.03172383018192905,-0.2929985780793585,0.010364021782574253,0.33661607548320616,0.0182879703994549,0.27984572996562984,0.022050402819358023
-0.0517432430076508,-0.22613489240733237,-0.026505946426420415,0.19320322402913387,-0.031214717778790934,0.22689147531803328,-0.031237683987575208
-0.04211949494782164,-0.1992056220336543,-0.0007376182266095322,0.17818712611495716,-0.044581600739626324,0.2058672270870873,-0.041793088686062664
0.06916592326220579,-0.23911743538531594,0.07824447752903292,0.2657291351042265,0.005900748759001809,0.23723771126412688,0.010401881429650305
-0.11026667164122887,-0.2001116420336976,-0.1311236083980677,0.15347911500020472,-0.013815185869351682,0.19924570592991891,0.00044254163535241756
